year,month,day,week,temp_2,temp_1,average,actual,friend
2016,1,2,Sat,19.0,19.0,17.62,19.0,22.62
2016,1,3,Sun,19.0,19.0,17.92,20.4,16.92
2016,1,4,Mon,19.0,20.4,19.38,23.5,16.38
2016,1,5,Tue,20.4,23.5,18.5,17.8,16.5
2016,1,6,Wed,23.5,17.8,16.74,15.2,20.74
2016,1,7,Thu,17.8,15.2,16.88,20.6,20.88
2016,1,8,Fri,15.2,20.6,17.5,22.1,20.5
2016,1,9,Sat,20.6,22.1,17.88,22.6,15.88
2016,1,10,Sun,22.1,22.6,17.18,20.4,18.18
2016,1,11,Mon,22.6,20.4,16.52,19.1,17.52
2016,1,12,Tue,20.4,19.1,17.7,17.8,22.7
2016,1,13,Wed,19.1,17.8,16.62,17.1,12.62
2016,1,14,Thu,17.8,17.1,17.4,19.6,18.4
2016,1,15,Fri,17.1,19.6,17.46,17.8,15.46
2016,1,16,Sat,19.6,17.8,18.04,14.9,18.04
2016,1,17,Sun,17.8,14.9,16.82,15.3,11.82
2016,1,18,Mon,14.9,15.3,16.28,19.0,17.28
2016,1,19,Tue,15.3,19.0,14.3,17.5,9.3
2016,1,20,Wed,19.0,17.5,14.56,17.0,13.56
2016,1,21,Thu,17.5,17.0,17.14,17.2,14.14
2016,1,22,Fri,17.0,17.2,17.96,17.6,16.96
2016,1,23,Sat,17.2,17.6,18.04,18.4,20.04
2016,1,24,Sun,17.6,18.4,16.34,15.8,15.34
2016,1,25,Mon,18.4,15.8,17.34,17.6,19.34
2016,1,26,Tue,15.8,17.6,16.1,16.5,17.1
2016,1,27,Wed,17.6,16.5,17.54,18.2,12.54
2016,1,28,Thu,16.5,18.2,17.98,20.5,18.98
2016,1,29,Fri,18.2,20.5,17.8,14.5,22.8
2016,1,30,Sat,20.5,14.5,19.44,20.7,19.44
2016,1,31,Sun,14.5,20.7,20.04,22.8,18.04
2016,2,1,Mon,20.7,22.8,20.72,21.5,21.72
2016,2,2,Tue,22.8,21.5,18.06,19.0,22.06
2016,2,3,Wed,21.5,19.0,18.8,22.0,20.8
2016,2,4,Thu,19.0,22.0,18.18,16.1,19.18
2016,2,5,Fri,22.0,16.1,17.1,16.4,13.1
2016,2,6,Sat,16.1,16.4,16.72,17.3,17.72
2016,2,7,Sun,16.4,17.3,18.86,17.9,23.86
2016,2,8,Mon,17.3,17.9,18.1,21.3,22.1
2016,2,9,Tue,17.9,21.3,18.42,20.0,15.42
2016,2,10,Wed,21.3,20.0,19.04,20.4,19.04
2016,2,11,Thu,20.0,20.4,20.1,21.5,15.1
2016,2,12,Fri,20.4,21.5,17.92,20.9,19.92
2016,2,13,Sat,21.5,20.9,19.18,23.5,24.18
2016,2,14,Sun,20.9,23.5,18.88,19.3,19.88
2016,2,15,Mon,23.5,19.3,18.84,18.6,20.84
2016,2,16,Tue,19.3,18.6,17.1,14.8,15.1
2016,2,17,Wed,18.6,14.8,17.64,16.0,15.64
2016,2,18,Thu,14.8,16.0,16.34,16.5,21.34
2016,2,19,Fri,16.0,16.5,16.56,15.3,18.56
2016,2,20,Sat,16.5,15.3,18.3,16.7,22.3
2016,2,21,Sun,15.3,16.7,17.58,17.8,20.58
2016,2,22,Mon,16.7,17.8,18.84,22.4,17.84
2016,2,23,Tue,17.8,22.4,19.42,23.5,18.42
2016,2,24,Wed,22.4,23.5,17.98,21.5,18.98
2016,2,25,Thu,23.5,21.5,20.26,22.3,21.26
2016,2,26,Fri,21.5,22.3,20.16,18.6,18.16
2016,2,27,Sat,22.3,18.6,18.64,12.1,19.64
2016,2,28,Sun,18.6,12.1,18.62,16.8,17.62
2016,2,29,Mon,12.1,16.8,22.1,20.4,24.1
2016,3,1,Tue,16.8,20.4,20.4,21.0,18.4
2016,3,2,Wed,20.4,21.0,21.68,27.0,26.68
2016,3,3,Thu,21.0,27.0,20.86,23.0,18.86
2016,3,4,Fri,27.0,23.0,20.88,24.5,15.88
2016,3,5,Sat,23.0,24.5,19.56,20.0,16.56
2016,3,6,Sun,24.5,20.0,20.42,16.9,20.42
2016,3,7,Mon,20.0,16.9,20.32,12.8,21.32
2016,3,8,Tue,16.9,12.8,19.74,17.0,19.74
2016,3,9,Wed,12.8,17.0,23.16,18.0,20.16
2016,3,10,Thu,17.0,18.0,20.92,12.5,24.92
2016,3,11,Fri,18.0,12.5,20.26,18.0,18.26
2016,3,12,Sat,12.5,18.0,19.44,16.5,21.44
2016,3,13,Sun,18.0,16.5,19.28,15.6,17.28
2016,3,14,Mon,16.5,15.6,18.86,15.3,16.86
2016,3,15,Tue,15.6,15.3,19.32,16.0,23.32
2016,3,16,Wed,15.3,16.0,19.0,21.0,22.0
2016,3,17,Thu,16.0,21.0,19.34,15.0,14.34
2016,3,18,Fri,21.0,15.0,18.6,16.6,22.6
2016,3,19,Sat,15.0,16.6,17.14,15.4,19.14
2016,3,20,Sun,16.6,15.4,16.92,18.0,11.92
2016,3,21,Mon,15.4,18.0,16.92,17.2,15.92
2016,3,22,Tue,18.0,17.2,18.34,19.5,17.34
2016,3,23,Wed,17.2,19.5,19.9,21.4,22.9
2016,3,24,Thu,19.5,21.4,18.6,21.5,22.6
2016,3,25,Fri,21.4,21.5,19.88,28.0,16.88
2016,3,26,Sat,21.5,28.0,20.38,26.0,22.38
2016,3,27,Sun,28.0,26.0,20.32,25.4,18.32
2016,3,28,Mon,26.0,25.4,22.34,24.5,24.34
2016,3,29,Tue,25.4,24.5,23.02,27.0,26.02
2016,3,30,Wed,24.5,27.0,18.58,19.4,16.58
2016,3,31,Thu,27.0,19.4,18.54,21.5,13.54
2016,4,1,Fri,19.4,21.5,19.46,17.4,16.46
2016,4,2,Sat,21.5,17.4,19.82,21.0,23.82
2016,4,3,Sun,17.4,21.0,21.88,19.5,21.88
2016,4,4,Mon,21.0,19.5,19.62,18.5,18.62
2016,4,5,Tue,19.5,18.5,18.84,16.5,18.84
2016,4,6,Wed,18.5,16.5,19.76,22.8,17.76
2016,4,7,Thu,16.5,22.8,20.78,21.1,15.78
2016,4,8,Fri,22.8,21.1,21.2,18.3,18.2
2016,4,9,Sat,21.1,18.3,21.4,25.5,20.4
2016,4,10,Sun,18.3,25.5,20.48,21.8,23.48
2016,4,11,Mon,25.5,21.8,21.26,22.6,16.26
2016,4,12,Tue,21.8,22.6,21.72,22.8,16.72
2016,4,13,Wed,22.6,22.8,21.7,24.6,21.7
2016,4,14,Thu,22.8,24.6,24.46,25.5,22.46
2016,4,15,Fri,24.6,25.5,20.86,20.0,18.86
2016,4,16,Sat,25.5,20.0,22.42,28.0,22.42
2016,4,17,Sun,20.0,28.0,22.8,27.9,17.8
2016,4,18,Mon,28.0,27.9,20.22,20.0,16.22
2016,4,19,Tue,27.9,20.0,17.94,19.5,14.94
2016,4,20,Wed,20.0,19.5,20.28,19.5,24.28
2016,4,21,Thu,19.5,19.5,19.24,25.8,14.24
2016,4,22,Fri,19.5,25.8,20.4,20.5,23.4
2016,4,23,Sat,25.8,20.5,22.72,25.9,25.72
2016,4,24,Sun,20.5,25.9,22.6,25.8,19.6
2016,4,25,Mon,25.9,25.8,21.28,18.1,21.28
2016,4,26,Tue,25.8,18.1,21.32,20.6,16.32
2016,4,27,Wed,18.1,20.6,20.8,20.5,25.8
2016,4,28,Thu,20.6,20.5,20.06,17.2,15.06
2016,4,29,Fri,20.5,17.2,20.6,17.2,22.6
2016,4,30,Sat,17.2,17.2,22.34,19.6,24.34
2016,5,1,Sun,17.2,19.6,22.44,20.5,25.44
2016,5,2,Mon,19.6,20.5,24.7,21.5,28.7
2016,5,3,Tue,20.5,21.5,23.28,23.5,20.28
2016,5,4,Wed,21.5,23.5,21.5,22.0,25.5
2016,5,5,Thu,23.5,22.0,21.26,19.5,21.26
2016,5,6,Fri,22.0,19.5,23.36,20.0,27.36
2016,5,7,Sat,19.5,20.0,22.74,21.5,24.74
2016,5,8,Sun,20.0,21.5,23.78,18.2,22.78
2016,5,9,Mon,21.5,18.2,23.48,18.5,18.48
2016,5,10,Tue,18.2,18.5,24.78,19.1,23.78
2016,5,11,Wed,18.5,19.1,25.5,26.0,29.5
2016,5,12,Thu,19.1,26.0,24.78,24.2,19.78
2016,5,13,Fri,26.0,24.2,25.36,24.5,26.36
2016,5,14,Sat,24.2,24.5,23.86,27.5,28.86
2016,5,15,Sun,24.5,27.5,22.9,24.0,20.9
2016,5,16,Mon,27.5,24.0,23.04,22.3,24.04
2016,5,17,Tue,24.0,22.3,23.82,21.5,19.82
2016,5,18,Wed,22.3,21.5,23.14,23.3,24.14
2016,5,19,Thu,21.5,23.3,24.7,22.6,22.7
2016,5,20,Fri,23.3,22.6,24.06,23.4,21.06
2016,5,21,Sat,22.6,23.4,24.16,22.8,25.16
2016,5,22,Sun,23.4,22.8,27.1,31.5,31.1
2016,5,23,Mon,22.8,31.5,24.72,21.0,26.72
2016,5,24,Tue,31.5,21.0,23.0,22.0,23.0
2016,5,25,Wed,21.0,22.0,24.66,23.2,25.66
2016,5,26,Thu,22.0,23.2,24.76,23.9,23.76
2016,5,27,Fri,23.2,23.9,24.56,22.7,22.56
2016,5,28,Sat,23.9,22.7,26.82,32.4,26.82
2016,5,29,Sun,22.7,32.4,25.98,29.0,28.98
2016,5,30,Mon,32.4,29.0,24.3,21.5,25.3
2016,5,31,Tue,29.0,21.5,25.46,24.7,26.46
2016,6,1,Wed,21.5,24.7,25.6,24.7,24.6
2016,6,2,Thu,24.7,24.7,25.06,24.0,26.06
2016,6,3,Fri,24.7,24.0,25.5,24.0,26.5
2016,6,4,Sat,24.0,24.0,25.66,24.5,21.66
2016,6,5,Sun,24.0,24.5,27.28,25.4,30.28
2016,6,6,Mon,24.5,25.4,26.62,26.2,23.62
2016,6,7,Tue,25.4,26.2,26.96,26.0,22.96
2016,6,8,Wed,26.2,26.0,24.94,27.7,19.94
2016,6,9,Thu,26.0,27.7,25.8,26.8,22.8
2016,6,10,Fri,27.7,26.8,25.78,27.0,27.78
2016,6,11,Sat,26.8,27.0,28.12,27.1,33.12
2016,6,12,Sun,27.0,27.1,27.3,27.5,28.3
2016,6,13,Mon,27.1,27.5,28.36,30.5,27.36
2016,6,14,Tue,27.5,30.5,27.76,26.2,26.76
2016,6,15,Wed,30.5,26.2,29.5,32.8,32.5
2016,6,16,Thu,26.2,32.8,26.5,27.4,29.5
2016,6,17,Fri,32.8,27.4,27.34,27.5,23.34
2016,6,18,Sat,27.4,27.5,26.48,24.5,27.48
2016,6,19,Sun,27.5,24.5,26.78,23.9,27.78
2016,6,20,Mon,24.5,23.9,27.04,25.5,23.04
2016,6,21,Tue,23.9,25.5,28.38,27.0,24.38
2016,6,22,Wed,25.5,27.0,28.84,27.0,24.84
2016,6,23,Thu,27.0,27.0,28.48,28.1,30.48
2016,6,24,Fri,27.0,28.1,28.06,26.7,27.06
2016,6,25,Sat,28.1,26.7,28.44,26.8,33.44
2016,6,26,Sun,26.7,26.8,28.52,26.5,31.52
2016,6,27,Mon,26.8,26.5,29.96,26.7,25.96
2016,6,28,Tue,26.5,26.7,30.44,27.8,28.44
2016,6,29,Wed,26.7,27.8,30.58,28.8,32.58
2016,6,30,Thu,27.8,28.8,28.68,27.3,23.68
2016,7,1,Fri,28.8,27.3,28.12,28.1,25.12
2016,7,2,Sat,27.3,28.1,29.6,28.2,33.6
2016,7,3,Sun,28.1,28.2,28.78,28.0,24.78
2016,7,4,Mon,28.2,28.0,29.4,28.0,27.4
2016,7,5,Tue,28.0,28.0,29.6,31.1,28.6
2016,7,6,Wed,28.0,31.1,30.28,31.0,25.28
2016,7,7,Thu,31.1,31.0,30.74,29.8,28.74
2016,7,8,Fri,31.0,29.8,30.9,31.5,25.9
2016,7,9,Sat,29.8,31.5,31.06,30.9,29.06
2016,7,10,Sun,31.5,30.9,30.34,33.0,30.34
2016,7,11,Mon,30.9,33.0,29.86,30.3,32.86
2016,7,12,Tue,33.0,30.3,30.44,30.0,25.44
2016,7,13,Wed,30.3,30.0,28.94,25.6,27.94
2016,7,14,Thu,30.0,25.6,28.72,26.5,33.72
2016,7,15,Fri,25.6,26.5,29.92,26.5,25.92
2016,7,16,Sat,26.5,26.5,30.82,27.8,25.82
2016,7,17,Sun,26.5,27.8,28.68,26.5,32.68
2016,7,18,Mon,27.8,26.5,29.14,28.0,32.14
2016,7,19,Tue,26.5,28.0,29.5,28.1,34.5
2016,7,20,Wed,28.0,28.1,30.0,30.0,31.0
2016,7,21,Thu,28.1,30.0,29.5,29.5,31.5
2016,7,22,Fri,30.0,29.5,29.84,29.3,32.84
2016,7,23,Sat,29.5,29.3,31.08,29.4,31.08
2016,7,24,Sun,29.3,29.4,30.9,29.8,32.9
2016,7,25,Mon,29.4,29.8,30.28,31.0,28.28
2016,7,26,Tue,29.8,31.0,30.12,31.1,28.12
2016,7,27,Wed,31.0,31.1,32.16,30.5,33.16
2016,7,28,Thu,31.1,30.5,30.34,30.2,29.34
2016,7,29,Fri,30.5,30.2,30.72,30.6,26.72
2016,7,30,Sat,30.2,30.6,30.7,30.9,32.7
2016,7,31,Sun,30.6,30.9,31.02,32.2,27.02
2016,8,1,Mon,30.9,32.2,30.26,29.0,33.26
2016,8,2,Tue,32.2,29.0,30.62,28.8,34.62
2016,8,3,Wed,29.0,28.8,31.46,29.4,27.46
2016,8,4,Thu,28.8,29.4,31.3,29.5,26.3
2016,8,5,Fri,29.4,29.5,31.28,27.8,29.28
2016,8,6,Sat,29.5,27.8,30.96,28.8,31.96
2016,8,7,Sun,27.8,28.8,31.32,30.5,27.32
2016,8,8,Mon,28.8,30.5,32.26,32.2,36.26
2016,8,9,Tue,30.5,32.2,33.38,31.5,32.38
2016,8,10,Wed,32.2,31.5,28.96,26.0,32.96
2016,8,11,Thu,31.5,26.0,29.14,26.9,30.14
2016,8,12,Fri,26.0,26.9,30.18,27.6,27.18
2016,8,13,Sat,26.9,27.6,30.06,28.7,31.06
2016,8,14,Sun,27.6,28.7,29.74,28.7,25.74
2016,8,15,Mon,28.7,28.7,29.74,28.7,33.74
2016,8,16,Tue,28.7,28.7,30.22,29.9,32.22
2016,8,17,Wed,28.7,29.9,30.04,30.7,33.04
2016,8,18,Thu,29.9,30.7,29.78,29.5,30.78
2016,8,19,Fri,30.7,29.5,30.6,29.9,33.6
2016,8,20,Sat,29.5,29.9,31.24,30.4,28.24
2016,8,21,Sun,29.9,30.4,29.7,28.4,32.7
2016,8,22,Mon,30.4,28.4,30.6,29.5,25.6
2016,8,23,Tue,28.4,29.5,30.54,29.9,30.54
2016,8,24,Wed,29.5,29.9,30.22,29.7,29.22
2016,8,25,Thu,29.9,29.7,29.94,29.4,33.94
2016,8,26,Fri,29.7,29.4,29.78,29.2,29.78
2016,8,27,Sat,29.4,29.2,29.66,29.5,28.66
2016,8,28,Sun,29.2,29.5,30.24,30.2,35.24
2016,8,29,Mon,29.5,30.2,28.08,29.5,33.08
2016,8,30,Tue,30.2,29.5,29.06,29.1,24.06
2016,8,31,Wed,29.5,29.1,28.9,29.0,33.9
2016,9,1,Thu,29.1,29.0,29.14,29.6,26.14
2016,9,2,Fri,29.0,29.6,28.66,29.8,32.66
2016,9,3,Sat,29.6,29.8,29.74,32.2,25.74
2016,9,4,Sun,29.8,32.2,31.04,35.1,34.04
2016,9,5,Mon,32.2,35.1,30.02,34.6,28.02
2016,9,6,Tue,35.1,34.6,28.8,31.5,26.8
2016,9,7,Wed,34.6,31.5,27.6,29.9,31.6
2016,9,8,Thu,31.5,29.9,27.84,30.1,29.84
2016,9,9,Fri,29.9,30.1,27.92,28.6,26.92
2016,9,10,Sat,30.1,28.6,28.36,29.0,29.36
2016,9,11,Sun,28.6,29.0,29.24,29.1,32.24
2016,9,12,Mon,29.0,29.1,28.2,28.8,29.2
2016,9,13,Tue,29.1,28.8,28.0,28.1,27.0
2016,9,14,Wed,28.8,28.1,28.76,23.1,27.76
2016,9,15,Thu,28.1,23.1,26.76,27.3,22.76
2016,9,16,Fri,23.1,27.3,26.66,30.0,29.66
2016,9,17,Sat,27.3,30.0,28.22,26.8,26.22
2016,9,18,Sun,30.0,26.8,27.36,27.0,28.36
2016,9,19,Mon,26.8,27.0,27.64,25.1,25.64
2016,9,20,Tue,27.0,25.1,27.86,25.6,31.86
2016,9,21,Wed,25.1,25.6,28.26,26.8,25.26
2016,9,22,Thu,25.6,26.8,29.64,30.0,33.64
2016,9,23,Fri,26.8,30.0,29.16,27.2,27.16
2016,9,24,Sat,30.0,27.2,29.86,26.0,27.86
2016,9,25,Sun,27.2,26.0,27.86,25.9,22.86
2016,9,26,Mon,26.0,25.9,26.66,25.6,27.66
2016,9,27,Tue,25.9,25.6,27.02,27.2,29.02
2016,9,28,Wed,25.6,27.2,26.84,25.8,26.84
2016,9,29,Thu,27.2,25.8,27.1,26.2,26.1
2016,9,30,Fri,25.8,26.2,26.3,26.7,30.3
2016,10,1,Sat,26.2,26.7,29.22,27.7,31.22
2016,10,2,Sun,26.7,27.7,27.12,27.1,24.12
2016,10,3,Mon,27.7,27.1,26.5,27.2,24.5
2016,10,4,Tue,27.1,27.2,26.68,26.4,24.68
2016,10,5,Wed,27.2,26.4,26.84,26.6,21.84
2016,10,6,Thu,26.4,26.6,27.76,27.1,26.76
2016,10,7,Fri,26.6,27.1,26.76,27.0,24.76
2016,10,8,Sat,27.1,27.0,25.94,26.8,27.94
2016,10,9,Sun,27.0,26.8,24.9,24.8,22.9
2016,10,10,Mon,26.8,24.8,24.92,24.4,19.92
2016,10,11,Tue,24.8,24.4,25.52,26.2,25.52
2016,10,12,Wed,24.4,26.2,25.6,23.3,27.6
2016,10,13,Thu,26.2,23.3,26.04,21.7,25.04
2016,10,14,Fri,23.3,21.7,24.78,26.4,24.78
2016,10,15,Sat,21.7,26.4,24.68,25.8,20.68
2016,10,16,Sun,26.4,25.8,24.58,24.5,22.58
2016,10,17,Mon,25.8,24.5,25.66,26.5,29.66
2016,10,18,Tue,24.5,26.5,23.38,21.9,27.38
2016,10,19,Wed,26.5,21.9,24.28,22.5,29.28
2016,10,20,Thu,21.9,22.5,21.96,20.2,23.96
2016,10,21,Fri,22.5,20.2,24.48,19.3,20.48
2016,10,22,Sat,20.2,19.3,20.94,21.2,17.94
2016,10,23,Sun,19.3,21.2,23.32,24.5,26.32
2016,10,24,Mon,21.2,24.5,25.7,24.9,28.7
2016,10,25,Tue,24.5,24.9,24.98,23.3,23.98
2016,10,26,Wed,24.9,23.3,24.3,25.7,26.3
2016,10,27,Thu,23.3,25.7,24.02,25.2,20.02
2016,10,28,Fri,25.7,25.2,22.46,23.5,18.46
2016,10,29,Sat,25.2,23.5,22.82,25.3,26.82
2016,10,30,Sun,23.5,25.3,22.12,23.3,27.12
2016,10,31,Mon,25.3,23.3,22.3,23.5,23.3
2016,11,1,Tue,23.3,23.5,24.5,25.2,24.5
2016,11,2,Wed,23.5,25.2,23.26,24.8,22.26
2016,11,3,Thu,25.2,24.8,23.38,27.2,26.38
2016,11,4,Fri,24.8,27.2,21.62,24.9,16.62
2016,11,5,Sat,27.2,24.9,21.18,25.8,17.18
2016,11,6,Sun,24.9,25.8,20.78,21.0,18.78
2016,11,7,Mon,25.8,21.0,21.26,19.1,18.26
2016,11,8,Tue,21.0,19.1,20.6,18.9,20.6
2016,11,9,Wed,19.1,18.9,20.32,20.6,19.32
2016,11,10,Thu,18.9,20.6,20.32,20.8,16.32
2016,11,11,Fri,20.6,20.8,22.98,22.6,24.98
2016,11,12,Sat,20.8,22.6,21.54,21.2,21.54
2016,11,13,Sun,22.6,21.2,20.26,22.2,18.26
2016,11,14,Mon,21.2,22.2,18.38,17.0,15.38
2016,11,15,Tue,22.2,17.0,19.34,18.4,17.34
2016,11,16,Wed,17.0,18.4,19.08,19.2,14.08
2016,11,17,Thu,18.4,19.2,19.5,20.4,24.5
2016,11,18,Fri,19.2,20.4,20.02,24.9,18.02
2016,11,19,Sat,20.4,24.9,19.64,21.8,15.64
2016,11,20,Sun,24.9,21.8,19.42,19.0,14.42
2016,11,21,Mon,21.8,19.0,19.48,20.4,24.48
2016,11,22,Tue,19.0,20.4,17.54,14.0,19.54
2016,11,23,Wed,20.4,14.0,18.84,13.5,16.84
2016,11,24,Thu,14.0,13.5,20.14,16.8,25.14
2016,11,25,Fri,13.5,16.8,20.34,15.9,19.34
2016,11,26,Sat,16.8,15.9,19.28,17.0,17.28
2016,11,27,Sun,15.9,17.0,18.6,14.5,16.6
2016,11,28,Mon,17.0,14.5,18.04,13.5,16.04
2016,11,29,Tue,14.5,13.5,18.2,15.6,16.2
2016,11,30,Wed,13.5,15.6,19.04,15.9,23.04
2016,12,1,Thu,15.6,15.9,18.64,16.3,20.64
2016,12,2,Fri,15.9,16.3,16.74,17.7,12.74
2016,12,3,Sat,16.3,17.7,17.26,18.0,19.26
2016,12,4,Sun,17.7,18.0,17.36,16.8,18.36
2016,12,5,Mon,18.0,16.8,16.34,16.7,14.34
2016,12,6,Tue,16.8,16.7,17.64,18.7,12.64
2016,12,7,Wed,16.7,18.7,17.98,17.7,14.98
2016,12,8,Thu,18.7,17.7,18.4,17.4,21.4
2016,12,9,Fri,17.7,17.4,19.52,19.1,18.52
2016,12,10,Sat,17.4,19.1,19.22,19.4,21.22
2016,12,11,Sun,19.1,19.4,19.76,18.8,22.76
2016,12,12,Mon,19.4,18.8,18.48,18.4,16.48
2016,12,13,Tue,18.8,18.4,18.44,17.2,22.44
2016,12,14,Wed,18.4,17.2,18.0,16.5,17.0
2016,12,15,Thu,17.2,16.5,19.08,15.8,19.08
2016,12,16,Fri,16.5,15.8,17.26,15.2,15.26
2016,12,17,Sat,15.8,15.2,18.02,16.0,13.02
2016,12,18,Sun,15.2,16.0,17.04,13.6,20.04
2016,12,19,Mon,16.0,13.6,16.44,10.9,13.44
2016,12,20,Tue,13.6,10.9,19.4,17.5,17.4
2016,12,21,Wed,10.9,17.5,19.44,16.7,23.44
2016,12,22,Thu,17.5,16.7,19.92,19.8,14.92
2016,12,23,Fri,16.7,19.8,19.9,19.4,14.9
2016,12,24,Sat,19.8,19.4,19.34,19.2,24.34
2016,12,25,Sun,19.4,19.2,17.32,19.3,17.32
2016,12,26,Mon,19.2,19.3,18.26,17.5,18.26
2016,12,27,Tue,19.3,17.5,17.68,17.2,14.68
2016,12,28,Wed,17.5,17.2,17.06,17.0,14.06
2016,12,29,Thu,17.2,17.0,17.54,17.8,12.54
2016,12,30,Fri,17.0,17.8,17.98,16.1,12.98
2016,12,31,Sat,17.8,16.1,17.78,15.8,19.78
2017,1,1,Sun,16.1,15.8,16.8,16.1,14.8
2017,1,2,Mon,15.8,16.1,17.62,14.2,13.62
2017,1,3,Tue,16.1,14.2,17.92,16.0,13.92
2017,1,4,Wed,14.2,16.0,19.38,20.1,23.38
2017,1,5,Thu,16.0,20.1,18.5,17.5,13.5
2017,1,6,Fri,20.1,17.5,16.74,16.1,13.74
2017,1,7,Sat,17.5,16.1,16.88,15.1,11.88
2017,1,8,Sun,16.1,15.1,17.5,16.7,18.5
2017,1,9,Mon,15.1,16.7,17.88,15.9,15.88
2017,1,10,Tue,16.7,15.9,17.18,15.6,20.18
2017,1,11,Wed,15.9,15.6,16.52,16.1,14.52
2017,1,12,Thu,15.6,16.1,17.7,22.0,19.7
2017,1,13,Fri,16.1,22.0,16.62,17.9,21.62
2017,1,14,Sat,22.0,17.9,17.4,14.8,21.4
2017,1,15,Sun,17.9,14.8,17.46,16.5,15.46
2017,1,16,Mon,14.8,16.5,18.04,18.4,22.04
2017,1,17,Tue,16.5,18.4,16.82,12.0,14.82
2017,1,18,Wed,18.4,12.0,16.28,10.8,12.28
2017,1,19,Thu,12.0,10.8,14.3,10.6,18.3
2017,1,20,Fri,10.8,10.6,14.56,9.4,18.56
2017,1,21,Sat,10.6,9.4,17.14,12.4,15.14
2017,1,22,Sun,9.4,12.4,17.96,16.1,22.96
2017,1,23,Mon,12.4,16.1,18.04,16.2,22.04
2017,1,24,Tue,16.1,16.2,16.34,15.6,13.34
2017,1,25,Wed,16.2,15.6,17.34,18.2,22.34
2017,1,26,Thu,15.6,18.2,16.1,14.4,18.1
2017,1,27,Fri,18.2,14.4,17.54,15.0,20.54
2017,1,28,Sat,14.4,15.0,17.98,17.5,20.98
2017,1,29,Sun,15.0,17.5,17.8,17.5,17.8
2017,1,30,Mon,17.5,17.5,19.44,18.5,17.44
2017,1,31,Tue,17.5,18.5,20.04,15.7,21.04
2017,2,1,Wed,18.5,15.7,20.72,20.5,16.72
2017,2,2,Thu,15.7,20.5,18.06,16.8,18.06
2017,2,3,Fri,20.5,16.8,18.8,20.6,21.8
2017,2,4,Sat,16.8,20.6,18.18,20.8,15.18
2017,2,5,Sun,20.6,20.8,17.1,17.7,22.1
2017,2,6,Mon,20.8,17.7,16.72,20.6,12.72
2017,2,7,Tue,17.7,20.6,18.86,22.0,21.86
2017,2,8,Wed,20.6,22.0,18.1,20.2,16.1
2017,2,9,Thu,22.0,20.2,18.42,19.5,14.42
2017,2,10,Fri,20.2,19.5,19.04,16.6,14.04
2017,2,11,Sat,19.5,16.6,20.1,13.1,24.1
2017,2,12,Sun,16.6,13.1,17.92,19.0,21.92
2017,2,13,Mon,13.1,19.0,19.18,20.5,20.18
2017,2,14,Tue,19.0,20.5,18.88,19.8,22.88
2017,2,15,Wed,20.5,19.8,18.84,18.0,20.84
2017,2,16,Thu,19.8,18.0,17.1,17.0,19.1
2017,2,17,Fri,18.0,17.0,17.64,18.0,22.64
2017,2,18,Sat,17.0,18.0,16.34,17.1,15.34
2017,2,19,Sun,18.0,17.1,16.56,16.0,18.56
2017,2,20,Mon,17.1,16.0,18.3,17.6,13.3
2017,2,21,Tue,16.0,17.6,17.58,19.0,12.58
2017,2,22,Wed,17.6,19.0,18.84,18.3,16.84
2017,2,23,Thu,19.0,18.3,19.42,18.1,23.42
2017,2,24,Fri,18.3,18.1,17.98,15.4,13.98
2017,2,25,Sat,18.1,15.4,20.26,17.2,21.26
2017,2,26,Sun,15.4,17.2,20.16,19.8,23.16
2017,2,27,Mon,17.2,19.8,18.64,21.8,19.64
2017,2,28,Tue,19.8,21.8,18.62,18.1,22.62
2017,3,1,Wed,21.8,18.1,20.4,21.4,23.4
2017,3,2,Thu,18.1,21.4,21.68,21.4,19.68
2017,3,3,Fri,21.4,21.4,20.86,15.8,23.86
2017,3,4,Sat,21.4,15.8,20.88,13.2,18.88
2017,3,5,Sun,15.8,13.2,19.56,19.3,21.56
2017,3,6,Mon,13.2,19.3,20.42,25.7,16.42
2017,3,7,Tue,19.3,25.7,20.32,27.1,16.32
2017,3,8,Wed,25.7,27.1,19.74,21.7,24.74
2017,3,9,Thu,27.1,21.7,23.16,28.0,28.16
2017,3,10,Fri,21.7,28.0,20.92,24.5,16.92
2017,3,11,Sat,28.0,24.5,20.26,20.4,23.26
2017,3,12,Sun,24.5,20.4,19.44,21.2,23.44
2017,3,13,Mon,20.4,21.2,19.28,16.3,24.28
2017,3,14,Tue,21.2,16.3,18.86,19.0,17.86
2017,3,15,Wed,16.3,19.0,19.32,19.2,15.32
2017,3,16,Thu,19.0,19.2,19.0,18.6,19.0
2017,3,17,Fri,19.2,18.6,19.34,22.2,18.34
2017,3,18,Sat,18.6,22.2,18.6,21.2,22.6
2017,3,19,Sun,22.2,21.2,17.14,19.9,19.14
2017,3,20,Mon,21.2,19.9,16.92,19.5,16.92
2017,3,21,Tue,19.9,19.5,16.92,18.2,12.92
2017,3,22,Wed,19.5,18.2,18.34,21.0,19.34
2017,3,23,Thu,18.2,21.0,19.9,17.8,24.9
2017,3,24,Fri,21.0,17.8,18.6,14.6,22.6
2017,3,25,Sat,17.8,14.6,19.88,19.4,19.88
2017,3,26,Sun,14.6,19.4,20.38,17.6,23.38
2017,3,27,Mon,19.4,17.6,20.32,21.6,21.32
2017,3,28,Tue,17.6,21.6,22.34,21.2,24.34
2017,3,29,Wed,21.6,21.2,23.02,23.4,25.02
2017,3,30,Thu,21.2,23.4,18.58,20.2,21.58
2017,3,31,Fri,23.4,20.2,18.54,21.8,18.54
2017,4,1,Sat,20.2,21.8,19.46,24.1,23.46
2017,4,2,Sun,21.8,24.1,19.82,23.5,15.82
2017,4,3,Mon,24.1,23.5,21.88,20.5,21.88
2017,4,4,Tue,23.5,20.5,19.62,20.2,17.62
2017,4,5,Wed,20.5,20.2,18.84,19.1,16.84
2017,4,6,Thu,20.2,19.1,19.76,21.5,14.76
2017,4,7,Fri,19.1,21.5,20.78,20.5,18.78
2017,4,8,Sat,21.5,20.5,21.2,21.8,25.2
2017,4,9,Sun,20.5,21.8,21.4,20.6,18.4
2017,4,10,Mon,21.8,20.6,20.48,21.5,24.48
2017,4,11,Tue,20.6,21.5,21.26,24.2,21.26
2017,4,12,Wed,21.5,24.2,21.72,22.4,19.72
2017,4,13,Thu,24.2,22.4,21.7,21.4,16.7
2017,4,14,Fri,22.4,21.4,24.46,28.2,29.46
2017,4,15,Sat,21.4,28.2,20.86,21.4,15.86
2017,4,16,Sun,28.2,21.4,22.42,21.4,17.42
2017,4,17,Mon,21.4,21.4,22.8,21.5,18.8
2017,4,18,Tue,21.4,21.5,20.22,21.2,16.22
2017,4,19,Wed,21.5,21.2,17.94,16.9,17.94
2017,4,20,Thu,21.2,16.9,20.28,17.3,20.28
2017,4,21,Fri,16.9,17.3,19.24,18.0,15.24
2017,4,22,Sat,17.3,18.0,20.4,18.0,18.4
2017,4,23,Sun,18.0,18.0,22.72,19.6,19.72
2017,4,24,Mon,18.0,19.6,22.6,21.0,25.6
2017,4,25,Tue,19.6,21.0,21.28,22.1,23.28
2017,4,26,Wed,21.0,22.1,21.32,20.6,24.32
2017,4,27,Thu,22.1,20.6,20.8,13.0,15.8
2017,4,28,Fri,20.6,13.0,20.06,16.3,23.06
2017,4,29,Sat,13.0,16.3,20.6,17.0,23.6
2017,4,30,Sun,16.3,17.0,22.34,24.8,17.34
2017,5,1,Mon,17.0,24.8,22.44,22.4,21.44
2017,5,2,Tue,24.8,22.4,24.7,21.4,23.7
2017,5,3,Wed,22.4,21.4,23.28,20.8,21.28
2017,5,4,Thu,21.4,20.8,21.5,21.0,22.5
2017,5,5,Fri,20.8,21.0,21.26,20.6,17.26
2017,5,6,Sat,21.0,20.6,23.36,28.1,25.36
2017,5,7,Sun,20.6,28.1,22.74,24.7,24.74
2017,5,8,Mon,28.1,24.7,23.78,23.4,22.78
2017,5,9,Tue,24.7,23.4,23.48,22.6,23.48
2017,5,10,Wed,23.4,22.6,24.78,24.0,25.78
2017,5,11,Thu,22.6,24.0,25.5,26.3,22.5
2017,5,12,Fri,24.0,26.3,24.78,27.4,21.78
2017,5,13,Sat,26.3,27.4,25.36,29.0,22.36
2017,5,14,Sun,27.4,29.0,23.86,27.6,23.86
2017,5,15,Mon,29.0,27.6,22.9,25.0,22.9
2017,5,16,Tue,27.6,25.0,23.04,26.5,18.04
2017,5,17,Wed,25.0,26.5,23.82,26.5,25.82
2017,5,18,Thu,26.5,26.5,23.14,23.6,23.14
2017,5,19,Fri,26.5,23.6,24.7,23.0,23.7
2017,5,20,Sat,23.6,23.0,24.06,23.4,19.06
2017,5,21,Sun,23.0,23.4,24.16,22.2,24.16
2017,5,22,Mon,23.4,22.2,27.1,25.6,27.1
2017,5,23,Tue,22.2,25.6,24.72,26.2,25.72
2017,5,24,Wed,25.6,26.2,23.0,26.7,19.0
2017,5,25,Thu,26.2,26.7,24.66,27.9,25.66
2017,5,26,Fri,26.7,27.9,24.76,26.7,22.76
2017,5,27,Sat,27.9,26.7,24.56,24.8,21.56
2017,5,28,Sun,26.7,24.8,26.82,26.0,21.82
2017,5,29,Mon,24.8,26.0,25.98,25.5,29.98
2017,5,30,Tue,26.0,25.5,24.3,23.7,28.3
2017,5,31,Wed,25.5,23.7,25.46,26.4,28.46
2017,6,1,Thu,23.7,26.4,25.6,26.5,28.6
2017,6,2,Fri,26.4,26.5,25.06,26.5,23.06
2017,6,3,Sat,26.5,26.5,25.5,25.8,20.5
2017,6,4,Sun,26.5,25.8,25.66,23.2,22.66
2017,6,5,Mon,25.8,23.2,27.28,24.1,22.28
2017,6,6,Tue,23.2,24.1,26.62,29.7,23.62
2017,6,7,Wed,24.1,29.7,26.96,25.8,30.96
2017,6,8,Thu,29.7,25.8,24.94,26.1,26.94
2017,6,9,Fri,25.8,26.1,25.8,26.5,22.8
2017,6,10,Sat,26.1,26.5,25.78,26.6,28.78
2017,6,11,Sun,26.5,26.6,28.12,29.6,32.12
2017,6,12,Mon,26.6,29.6,27.3,29.6,26.3
2017,6,13,Tue,29.6,29.6,28.36,29.6,27.36
2017,6,14,Wed,29.6,29.6,27.76,30.7,30.76
2017,6,15,Thu,29.6,30.7,29.5,29.8,34.5
2017,6,16,Fri,30.7,29.8,26.5,30.2,22.5
2017,6,17,Sat,29.8,30.2,27.34,31.4,30.34
2017,6,18,Sun,30.2,31.4,26.48,29.4,27.48
2017,6,19,Mon,31.4,29.4,26.78,30.4,26.78
2017,6,20,Tue,29.4,30.4,27.04,29.5,25.04
2017,6,21,Wed,30.4,29.5,28.38,31.5,28.38
2017,6,22,Thu,29.5,31.5,28.84,31.7,24.84
2017,6,23,Fri,31.5,31.7,28.48,31.5,26.48
2017,6,24,Sat,31.7,31.5,28.06,30.1,25.06
2017,6,25,Sun,31.5,30.1,28.44,30.4,28.44
2017,6,26,Mon,30.1,30.4,28.52,30.1,23.52
2017,6,27,Tue,30.4,30.1,29.96,34.5,32.96
2017,6,28,Wed,30.1,34.5,30.44,32.8,35.44
2017,6,29,Thu,34.5,32.8,30.58,31.6,26.58
2017,6,30,Fri,32.8,31.6,28.68,26.5,26.68
2017,7,1,Sat,31.6,26.5,28.12,24.9,28.12
2017,7,2,Sun,26.5,24.9,29.6,24.8,29.6
2017,7,3,Mon,24.9,24.8,28.78,27.7,24.78
2017,7,4,Tue,24.8,27.7,29.4,28.2,26.4
2017,7,5,Wed,27.7,28.2,29.6,27.6,32.6
2017,7,6,Thu,28.2,27.6,30.28,29.2,27.28
2017,7,7,Fri,27.6,29.2,30.74,27.6,28.74
2017,7,8,Sat,29.2,27.6,30.9,35.0,30.9
2017,7,9,Sun,27.6,35.0,31.06,30.5,27.06
2017,7,10,Mon,35.0,30.5,30.34,29.8,28.34
2017,7,11,Tue,30.5,29.8,29.86,29.5,27.86
2017,7,12,Wed,29.8,29.5,30.44,30.5,26.44
2017,7,13,Thu,29.5,30.5,28.94,30.6,32.94
2017,7,14,Fri,30.5,30.6,28.72,30.2,27.72
2017,7,15,Sat,30.6,30.2,29.92,30.3,28.92
2017,7,16,Sun,30.2,30.3,30.82,31.5,26.82
2017,7,17,Mon,30.3,31.5,28.68,29.5,23.68
2017,7,18,Tue,31.5,29.5,29.14,29.7,30.14
2017,7,19,Wed,29.5,29.7,29.5,28.8,32.5
2017,7,20,Thu,29.7,28.8,30.0,30.6,29.0
2017,7,21,Fri,28.8,30.6,29.5,29.5,24.5
2017,7,22,Sat,30.6,29.5,29.84,30.4,28.84
2017,7,23,Sun,29.5,30.4,31.08,29.9,28.08
2017,7,24,Mon,30.4,29.9,30.9,30.1,25.9
2017,7,25,Tue,29.9,30.1,30.28,28.5,28.28
2017,7,26,Wed,30.1,28.5,30.12,28.4,26.12
2017,7,27,Thu,28.5,28.4,32.16,32.0,27.16
2017,7,28,Fri,28.4,32.0,30.34,30.7,25.34
2017,7,29,Sat,32.0,30.7,30.72,30.3,27.72
2017,7,30,Sun,30.7,30.3,30.7,30.4,32.7
2017,7,31,Mon,30.3,30.4,31.02,30.6,35.02
2017,8,1,Tue,30.4,30.6,30.26,30.4,35.26
2017,8,2,Wed,30.6,30.4,30.62,31.0,33.62
2017,8,3,Thu,30.4,31.0,31.46,35.7,34.46
2017,8,4,Fri,31.0,35.7,31.3,32.4,34.3
2017,8,5,Sat,35.7,32.4,31.28,31.5,28.28
2017,8,6,Sun,32.4,31.5,30.96,31.4,35.96
2017,8,7,Mon,31.5,31.4,31.32,30.5,36.32
2017,8,8,Tue,31.4,30.5,32.26,31.1,34.26
2017,8,9,Wed,30.5,31.1,33.38,29.5,38.38
2017,8,10,Thu,31.1,29.5,28.96,26.9,24.96
2017,8,11,Fri,29.5,26.9,29.14,26.1,30.14
2017,8,12,Sat,26.9,26.1,30.18,28.2,28.18
2017,8,13,Sun,26.1,28.2,30.06,27.8,31.06
2017,8,14,Mon,28.2,27.8,29.74,29.3,26.74
2017,8,15,Tue,27.8,29.3,29.74,29.0,26.74
2017,8,16,Wed,29.3,29.0,30.22,30.6,27.22
2017,8,17,Thu,29.0,30.6,30.04,29.7,31.04
2017,8,18,Fri,30.6,29.7,29.78,30.6,32.78
2017,8,19,Sat,29.7,30.6,30.6,29.6,29.6
2017,8,20,Sun,30.6,29.6,31.24,29.1,32.24
2017,8,21,Mon,29.6,29.1,29.7,29.7,31.7
2017,8,22,Tue,29.1,29.7,30.6,29.8,26.6
2017,8,23,Wed,29.7,29.8,30.54,29.0,28.54
2017,8,24,Thu,29.8,29.0,30.22,30.1,26.22
2017,8,25,Fri,29.0,30.1,29.94,29.9,31.94
2017,8,26,Sat,30.1,29.9,29.78,28.9,33.78
2017,8,27,Sun,29.9,28.9,29.66,28.5,33.66
2017,8,28,Mon,28.9,28.5,30.24,30.6,28.24
2017,8,29,Tue,28.5,30.6,28.08,22.3,30.08
2017,8,30,Wed,30.6,22.3,29.06,28.0,24.06
2017,8,31,Thu,22.3,28.0,28.9,27.2,29.9
2017,9,1,Fri,28.0,27.2,29.14,27.4,30.14
2017,9,2,Sat,27.2,27.4,28.66,27.8,28.66
2017,9,3,Sun,27.4,27.8,29.74,28.4,29.74
2017,9,4,Mon,27.8,28.4,31.04,29.9,29.04
2017,9,5,Tue,28.4,29.9,30.02,28.4,27.02
2017,9,6,Wed,29.9,28.4,28.8,28.1,25.8
2017,9,7,Thu,28.4,28.1,27.6,28.8,32.6
2017,9,8,Fri,28.1,28.8,27.84,28.0,22.84
2017,9,9,Sat,28.8,28.0,27.92,27.2,32.92
2017,9,10,Sun,28.0,27.2,28.36,29.2,30.36
2017,9,11,Mon,27.2,29.2,29.24,36.1,28.24
2017,9,12,Tue,29.2,36.1,28.2,27.5,31.2
2017,9,13,Wed,36.1,27.5,28.0,27.9,30.0
2017,9,14,Thu,27.5,27.9,28.76,37.0,31.76
2017,9,15,Fri,27.9,37.0,26.76,25.0,31.76
2017,9,16,Sat,37.0,25.0,26.66,22.0,23.66
2017,9,17,Sun,25.0,22.0,28.22,28.8,33.22
2017,9,18,Mon,22.0,28.8,27.36,29.4,32.36
2017,9,19,Tue,28.8,29.4,27.64,27.5,28.64
2017,9,20,Wed,29.4,27.5,27.86,26.0,27.86
2017,9,21,Thu,27.5,26.0,28.26,26.4,33.26
2017,9,22,Fri,26.0,26.4,29.64,27.0,28.64
2017,9,23,Sat,26.4,27.0,29.16,26.8,33.16
2017,9,24,Sun,27.0,26.8,29.86,29.2,29.86
2017,9,25,Mon,26.8,29.2,27.86,35.2,31.86
2017,9,26,Tue,29.2,35.2,26.66,26.0,28.66
2017,9,27,Wed,35.2,26.0,27.02,26.6,23.02
2017,9,28,Thu,26.0,26.6,26.84,26.3,31.84
2017,9,29,Fri,26.6,26.3,27.1,25.7,24.1
2017,9,30,Sat,26.3,25.7,26.3,26.1,30.3
2017,10,1,Sun,25.7,26.1,29.22,24.6,25.22
2017,10,2,Mon,26.1,24.6,27.12,26.8,32.12
2017,10,3,Tue,24.6,26.8,26.5,26.8,29.5
2017,10,4,Wed,26.8,26.8,26.68,27.1,25.68
2017,10,5,Thu,26.8,27.1,26.84,28.3,26.84
2017,10,6,Fri,27.1,28.3,27.76,28.4,31.76
2017,10,7,Sat,28.3,28.4,26.76,23.5,21.76
2017,10,8,Sun,28.4,23.5,25.94,27.0,23.94
2017,10,9,Mon,23.5,27.0,24.9,26.4,26.9
2017,10,10,Tue,27.0,26.4,24.92,25.9,27.92
2017,10,11,Wed,26.4,25.9,25.52,25.1,20.52
2017,10,12,Thu,25.9,25.1,25.6,25.5,20.6
2017,10,13,Fri,25.1,25.5,26.04,25.5,28.04
2017,10,14,Sat,25.5,25.5,24.78,26.3,25.78
2017,10,15,Sun,25.5,26.3,24.68,24.6,20.68
2017,10,16,Mon,26.3,24.6,24.58,25.5,21.58
2017,10,17,Tue,24.6,25.5,25.66,25.0,21.66
2017,10,18,Wed,25.5,25.0,23.38,25.6,20.38
2017,10,19,Thu,25.0,25.6,24.28,25.0,29.28
2017,10,20,Fri,25.6,25.0,21.96,25.7,21.96
2017,10,21,Sat,25.0,25.7,24.48,28.3,24.48
2017,10,22,Sun,25.7,28.3,20.94,23.0,18.94
2017,10,23,Mon,28.3,23.0,23.32,23.0,25.32
2017,10,24,Tue,23.0,23.0,25.7,27.0,20.7
2017,10,25,Wed,23.0,27.0,24.98,25.5,24.98
2017,10,26,Thu,27.0,25.5,24.3,25.4,23.3
2017,10,27,Fri,25.5,25.4,24.02,30.2,27.02
2017,10,28,Sat,25.4,30.2,22.46,25.5,17.46
2017,10,29,Sun,30.2,25.5,22.82,23.1,23.82
2017,10,30,Mon,25.5,23.1,22.12,23.5,21.12
2017,10,31,Tue,23.1,23.5,22.3,21.5,18.3
2017,11,1,Wed,23.5,21.5,24.5,23.1,19.5
2017,11,2,Thu,21.5,23.1,23.26,23.1,26.26
2017,11,3,Fri,23.1,23.1,23.38,23.2,27.38
2017,11,4,Sat,23.1,23.2,21.62,23.2,16.62
2017,11,5,Sun,23.2,23.2,21.18,24.9,22.18
2017,11,6,Mon,23.2,24.9,20.78,20.1,15.78
2017,11,7,Tue,24.9,20.1,21.26,20.5,16.26
2017,11,8,Wed,20.1,20.5,20.6,22.8,17.6
2017,11,9,Thu,20.5,22.8,20.32,18.6,22.32
2017,11,10,Fri,22.8,18.6,20.32,21.2,20.32
2017,11,11,Sat,18.6,21.2,22.98,25.1,26.98
2017,11,12,Sun,21.2,25.1,21.54,24.8,26.54
2017,11,13,Mon,25.1,24.8,20.26,20.3,22.26
2017,11,14,Tue,24.8,20.3,18.38,18.4,13.38
2017,11,15,Wed,20.3,18.4,19.34,18.4,16.34
2017,11,16,Thu,18.4,18.4,19.08,18.5,24.08
2017,11,17,Fri,18.4,18.5,19.5,20.9,16.5
2017,11,18,Sat,18.5,20.9,20.02,20.2,19.02
2017,11,19,Sun,20.9,20.2,19.64,19.4,16.64
2017,11,20,Mon,20.2,19.4,19.42,19.5,16.42
2017,11,21,Tue,19.4,19.5,19.48,21.2,21.48
2017,11,22,Wed,19.5,21.2,17.54,20.5,17.54
2017,11,23,Thu,21.2,20.5,18.84,25.2,23.84
2017,11,24,Fri,20.5,25.2,20.14,25.7,25.14
2017,11,25,Sat,25.2,25.7,20.34,21.6,22.34
2017,11,26,Sun,25.7,21.6,19.28,17.5,18.28
2017,11,27,Mon,21.6,17.5,18.6,17.4,18.6
2017,11,28,Tue,17.5,17.4,18.04,17.0,16.04
2017,11,29,Wed,17.4,17.0,18.2,13.0,14.2
2017,11,30,Thu,17.0,13.0,19.04,16.3,18.04
2017,12,1,Fri,13.0,16.3,18.64,16.5,16.64
2017,12,2,Sat,16.3,16.5,16.74,12.6,14.74
2017,12,3,Sun,16.5,12.6,17.26,16.9,19.26
2017,12,4,Mon,12.6,16.9,17.36,15.8,12.36
2017,12,5,Tue,16.9,15.8,16.34,16.0,15.34
2017,12,6,Wed,15.8,16.0,17.64,16.8,22.64
2017,12,7,Thu,16.0,16.8,17.98,16.2,19.98
2017,12,8,Fri,16.8,16.2,18.4,19.8,15.4
2017,12,9,Sat,16.2,19.8,19.52,16.8,19.52
2017,12,10,Sun,19.8,16.8,19.22,19.3,23.22
2017,12,11,Mon,16.8,19.3,19.76,19.5,23.76
2017,12,12,Tue,19.3,19.5,18.48,16.0,18.48
2017,12,13,Wed,19.5,16.0,18.44,16.8,14.44
2017,12,14,Thu,16.0,16.8,18.0,16.9,17.0
2017,12,15,Fri,16.8,16.9,19.08,18.9,23.08
2017,12,16,Sat,16.9,18.9,17.26,18.2,18.26
2017,12,17,Sun,18.9,18.2,18.02,19.1,15.02
2017,12,18,Mon,18.2,19.1,17.04,16.2,19.04
2017,12,19,Tue,19.1,16.2,16.44,15.7,16.44
2017,12,20,Wed,16.2,15.7,19.4,17.6,16.4
2017,12,21,Thu,15.7,17.6,19.44,17.5,18.44
2017,12,22,Fri,17.6,17.5,19.92,19.8,23.92
2017,12,23,Sat,17.5,19.8,19.9,15.6,20.9
2017,12,24,Sun,19.8,15.6,19.34,17.9,17.34
2017,12,25,Mon,15.6,17.9,17.32,16.2,22.32
2017,12,26,Tue,17.9,16.2,18.26,17.5,23.26
2017,12,27,Wed,16.2,17.5,17.68,18.1,21.68
2017,12,28,Thu,17.5,18.1,17.06,20.7,19.06
2017,12,29,Fri,18.1,20.7,17.54,22.4,19.54
2017,12,30,Sat,20.7,22.4,17.98,23.2,15.98
2017,12,31,Sun,22.4,23.2,17.78,21.0,17.78
2018,1,1,Mon,23.2,21.0,16.8,18.0,19.8
2018,1,2,Tue,21.0,18.0,17.62,20.5,17.62
2018,1,3,Wed,18.0,20.5,17.92,22.9,22.92
2018,1,4,Thu,20.5,22.9,19.38,22.0,21.38
2018,1,5,Fri,22.9,22.0,18.5,20.0,18.5
2018,1,6,Sat,22.0,20.0,16.74,15.4,18.74
2018,1,7,Sun,20.0,15.4,16.88,15.1,21.88
2018,1,8,Mon,15.4,15.1,17.5,15.4,13.5
2018,1,9,Tue,15.1,15.4,17.88,14.5,18.88
2018,1,10,Wed,15.4,14.5,17.18,18.1,14.18
2018,1,11,Thu,14.5,18.1,16.52,17.9,16.52
2018,1,12,Fri,18.1,17.9,17.7,17.8,20.7
2018,1,13,Sat,17.9,17.8,16.62,13.8,15.62
2018,1,14,Sun,17.8,13.8,17.4,15.1,19.4
2018,1,15,Mon,13.8,15.1,17.46,17.1,21.46
2018,1,16,Tue,15.1,17.1,18.04,21.5,17.04
2018,1,17,Wed,17.1,21.5,16.82,23.8,21.82
2018,1,18,Thu,21.5,23.8,16.28,17.8,21.28
2018,1,19,Fri,23.8,17.8,14.3,18.2,15.3
2018,1,20,Sat,17.8,18.2,14.56,21.8,13.56
2018,1,21,Sun,18.2,21.8,17.14,26.4,15.14
2018,1,22,Mon,21.8,26.4,17.96,26.6,20.96
2018,1,23,Tue,26.4,26.6,18.04,21.4,23.04
2018,1,24,Wed,26.6,21.4,16.34,19.0,18.34
2018,1,25,Thu,21.4,19.0,17.34,14.9,14.34
2018,1,26,Fri,19.0,14.9,16.1,12.7,12.1
2018,1,27,Sat,14.9,12.7,17.54,15.8,13.54
2018,1,28,Sun,12.7,15.8,17.98,13.6,19.98
2018,1,29,Mon,15.8,13.6,17.8,17.3,18.8
2018,1,30,Tue,13.6,17.3,19.44,17.0,24.44
2018,1,31,Wed,17.3,17.0,20.04,16.9,19.04
2018,2,1,Thu,17.0,16.9,20.72,15.8,23.72
2018,2,2,Fri,16.9,15.8,18.06,12.5,16.06
2018,2,3,Sat,15.8,12.5,18.8,12.2,19.8
2018,2,4,Sun,12.5,12.2,18.18,9.7,21.18
2018,2,5,Mon,12.2,9.7,17.1,13.7,17.1
2018,2,6,Tue,9.7,13.7,16.72,9.1,13.72
2018,2,7,Wed,13.7,9.1,18.86,13.5,21.86
2018,2,8,Thu,9.1,13.5,18.1,13.5,23.1
2018,2,9,Fri,13.5,13.5,18.42,14.2,15.42
2018,2,10,Sat,13.5,14.2,19.04,14.0,17.04
2018,2,11,Sun,14.2,14.0,20.1,21.4,25.1
2018,2,12,Mon,14.0,21.4,17.92,13.8,21.92
2018,2,13,Tue,21.4,13.8,19.18,16.4,16.18
2018,2,14,Wed,13.8,16.4,18.88,17.3,20.88
2018,2,15,Thu,16.4,17.3,18.84,23.5,21.84
2018,2,16,Fri,17.3,23.5,17.1,19.7,22.1
2018,2,17,Sat,23.5,19.7,17.64,18.4,15.64
2018,2,18,Sun,19.7,18.4,16.34,16.2,12.34
2018,2,19,Mon,18.4,16.2,16.56,18.4,16.56
2018,2,20,Tue,16.2,18.4,18.3,22.3,15.3
2018,2,21,Wed,18.4,22.3,17.58,17.0,20.58
2018,2,22,Thu,22.3,17.0,18.84,12.5,17.84
2018,2,23,Fri,17.0,12.5,19.42,13.4,18.42
2018,2,24,Sat,12.5,13.4,17.98,13.9,15.98
2018,2,25,Sun,13.4,13.9,20.26,17.0,21.26
2018,2,26,Mon,13.9,17.0,20.16,16.5,18.16
2018,2,27,Tue,17.0,16.5,18.64,8.4,22.64
2018,2,28,Wed,16.5,8.4,18.62,10.7,14.62
2018,3,1,Thu,8.4,10.7,20.4,15.2,25.4
2018,3,2,Fri,10.7,15.2,21.68,15.7,24.68
2018,3,3,Sat,15.2,15.7,20.86,19.5,21.86
2018,3,4,Sun,15.7,19.5,20.88,17.8,17.88
2018,3,5,Mon,19.5,17.8,19.56,17.5,24.56
2018,3,6,Tue,17.8,17.5,20.42,19.0,21.42
2018,3,7,Wed,17.5,19.0,20.32,19.7,23.32
2018,3,8,Thu,19.0,19.7,19.74,19.3,15.74
2018,3,9,Fri,19.7,19.3,23.16,23.6,21.16
2018,3,10,Sat,19.3,23.6,20.92,24.5,18.92
2018,3,11,Sun,23.6,24.5,20.26,19.5,15.26
2018,3,12,Mon,24.5,19.5,19.44,21.1,17.44
2018,3,13,Tue,19.5,21.1,19.28,23.1,21.28
2018,3,14,Wed,21.1,23.1,18.86,20.2,23.86
2018,3,15,Thu,23.1,20.2,19.32,19.6,17.32
2018,3,16,Fri,20.2,19.6,19.0,20.4,20.0
2018,3,17,Sat,19.6,20.4,19.34,15.1,19.34
2018,3,18,Sun,20.4,15.1,18.6,20.5,20.6
2018,3,19,Mon,15.1,20.5,17.14,16.5,13.14
2018,3,20,Tue,20.5,16.5,16.92,14.1,12.92
2018,3,21,Wed,16.5,14.1,16.92,16.5,21.92
2018,3,22,Thu,14.1,16.5,18.34,15.1,18.34
2018,3,23,Fri,16.5,15.1,19.9,23.8,15.9
2018,3,24,Sat,15.1,23.8,18.6,19.0,16.6
2018,3,25,Sun,23.8,19.0,19.88,19.5,23.88
2018,3,26,Mon,19.0,19.5,20.38,21.6,24.38
2018,3,27,Tue,19.5,21.6,20.32,23.1,15.32
2018,3,28,Wed,21.6,23.1,22.34,30.0,23.34
2018,3,29,Thu,23.1,30.0,23.02,24.6,24.02
2018,3,30,Fri,30.0,24.6,18.58,20.8,13.58
2018,3,31,Sat,24.6,20.8,18.54,21.5,14.54
2018,4,1,Sun,20.8,21.5,19.46,18.2,14.46
2018,4,2,Mon,21.5,18.2,19.82,17.4,22.82
2018,4,3,Tue,18.2,17.4,21.88,26.4,22.88
2018,4,4,Wed,17.4,26.4,19.62,22.7,15.62
2018,4,5,Thu,26.4,22.7,18.84,21.6,19.84
2018,4,6,Fri,22.7,21.6,19.76,19.0,15.76
2018,4,7,Sat,21.6,19.0,20.78,22.1,20.78
2018,4,8,Sun,19.0,22.1,21.2,22.5,24.2
2018,4,9,Mon,22.1,22.5,21.4,20.0,24.4
2018,4,10,Tue,22.5,20.0,20.48,18.5,15.48
2018,4,11,Wed,20.0,18.5,21.26,15.7,17.26
2018,4,12,Thu,18.5,15.7,21.72,22.0,25.72
2018,4,13,Fri,15.7,22.0,21.7,21.6,22.7
2018,4,14,Sat,22.0,21.6,24.46,19.2,28.46
2018,4,15,Sun,21.6,19.2,20.86,27.0,20.86
2018,4,16,Mon,19.2,27.0,22.42,23.0,18.42
2018,4,17,Tue,27.0,23.0,22.8,24.5,20.8
2018,4,18,Wed,23.0,24.5,20.22,23.6,16.22
2018,4,19,Thu,24.5,23.6,17.94,20.0,21.94
2018,4,20,Fri,23.6,20.0,20.28,21.6,18.28
2018,4,21,Sat,20.0,21.6,19.24,20.4,23.24
2018,4,22,Sun,21.6,20.4,20.4,24.9,17.4
2018,4,23,Mon,20.4,24.9,22.72,24.5,23.72
2018,4,24,Tue,24.9,24.5,22.6,23.5,22.6
2018,4,25,Wed,24.5,23.5,21.28,22.6,21.28
2018,4,26,Thu,23.5,22.6,21.32,21.9,23.32
2018,4,27,Fri,22.6,21.9,20.8,23.2,25.8
2018,4,28,Sat,21.9,23.2,20.06,21.5,21.06
2018,4,29,Sun,23.2,21.5,20.6,22.0,20.6
2018,4,30,Mon,21.5,22.0,22.34,20.5,23.34
2018,5,1,Tue,22.0,20.5,22.44,17.7,19.44
2018,5,2,Wed,20.5,17.7,24.7,27.0,20.7
2018,5,3,Thu,17.7,27.0,23.28,25.6,26.28
2018,5,4,Fri,27.0,25.6,21.5,20.5,25.5
2018,5,5,Sat,25.6,20.5,21.26,22.7,17.26
2018,5,6,Sun,20.5,22.7,23.36,24.5,24.36
2018,5,7,Mon,22.7,24.5,22.74,21.9,19.74
2018,5,8,Tue,24.5,21.9,23.78,24.9,28.78
2018,5,9,Wed,21.9,24.9,23.48,23.7,21.48
2018,5,10,Thu,24.9,23.7,24.78,22.0,27.78
2018,5,11,Fri,23.7,22.0,25.5,23.7,25.5
2018,5,12,Sat,22.0,23.7,24.78,27.4,29.78
2018,5,13,Sun,23.7,27.4,25.36,24.7,29.36
2018,5,14,Mon,27.4,24.7,23.86,21.5,23.86
2018,5,15,Tue,24.7,21.5,22.9,22.5,22.9
2018,5,16,Wed,21.5,22.5,23.04,22.7,24.04
2018,5,17,Thu,22.5,22.7,23.82,23.5,22.82
2018,5,18,Fri,22.7,23.5,23.14,24.3,22.14
2018,5,19,Sat,23.5,24.3,24.7,23.7,27.7
2018,5,20,Sun,24.3,23.7,24.06,24.0,28.06
2018,5,21,Mon,23.7,24.0,24.16,23.5,27.16
2018,5,22,Tue,24.0,23.5,27.1,26.5,23.1
2018,5,23,Wed,23.5,26.5,24.72,25.0,28.72
2018,5,24,Thu,26.5,25.0,23.0,24.4,27.0
2018,5,25,Fri,25.0,24.4,24.66,23.5,23.66
2018,5,26,Sat,24.4,23.5,24.76,23.8,24.76
2018,5,27,Sun,23.5,23.8,24.56,25.0,29.56
2018,5,28,Mon,23.8,25.0,26.82,28.0,31.82
2018,5,29,Tue,25.0,28.0,25.98,24.3,29.98
2018,5,30,Wed,28.0,24.3,24.3,27.1,25.3
2018,5,31,Thu,24.3,27.1,25.46,25.6,28.46
2018,6,1,Fri,27.1,25.6,25.6,25.7,28.6
2018,6,2,Sat,25.6,25.7,25.06,23.8,22.06
2018,6,3,Sun,25.7,23.8,25.5,24.0,24.5
2018,6,4,Mon,23.8,24.0,25.66,29.7,28.66
2018,6,5,Tue,24.0,29.7,27.28,27.3,30.28
2018,6,6,Wed,29.7,27.3,26.62,24.5,25.62
2018,6,7,Thu,27.3,24.5,26.96,26.2,26.96
2018,6,8,Fri,24.5,26.2,24.94,26.0,27.94
2018,6,9,Sat,26.2,26.0,25.8,25.7,28.8
2018,6,10,Sun,26.0,25.7,25.78,25.6,30.78
2018,6,11,Mon,25.7,25.6,28.12,29.3,31.12
2018,6,12,Tue,25.6,29.3,27.3,29.0,32.3
2018,6,13,Wed,29.3,29.0,28.36,28.3,28.36
2018,6,14,Thu,29.0,28.3,27.76,26.5,29.76
2018,6,15,Fri,28.3,26.5,29.5,26.9,31.5
2018,6,16,Sat,26.5,26.9,26.5,25.9,28.5
2018,6,17,Sun,26.9,25.9,27.34,27.0,25.34
2018,6,18,Mon,25.9,27.0,26.48,27.2,22.48
2018,6,19,Tue,27.0,27.2,26.78,28.1,22.78
2018,6,20,Wed,27.2,28.1,27.04,28.6,27.04
2018,6,21,Thu,28.1,28.6,28.38,30.5,29.38
2018,6,22,Fri,28.6,30.5,28.84,31.5,32.84
2018,6,23,Sat,30.5,31.5,28.48,28.2,27.48
2018,6,24,Sun,31.5,28.2,28.06,28.7,24.06
2018,6,25,Mon,28.2,28.7,28.44,28.7,26.44
2018,6,26,Tue,28.7,28.7,28.52,28.5,31.52
2018,6,27,Wed,28.7,28.5,29.96,28.6,30.96
2018,6,28,Thu,28.5,28.6,30.44,29.3,31.44
2018,6,29,Fri,28.6,29.3,30.58,28.5,27.58
2018,6,30,Sat,29.3,28.5,28.68,28.6,31.68
2018,7,1,Sun,28.5,28.6,28.12,28.6,26.12
2018,7,2,Mon,28.6,28.6,29.6,35.8,24.6
2018,7,3,Tue,28.6,35.8,28.78,29.5,30.78
2018,7,4,Wed,35.8,29.5,29.4,30.6,32.4
2018,7,5,Thu,29.5,30.6,29.6,29.3,30.6
2018,7,6,Fri,30.6,29.3,30.28,28.7,25.28
2018,7,7,Sat,29.3,28.7,30.74,29.2,25.74
2018,7,8,Sun,28.7,29.2,30.9,30.6,33.9
2018,7,9,Mon,29.2,30.6,31.06,31.7,33.06
2018,7,10,Tue,30.6,31.7,30.34,30.1,29.34
2018,7,11,Wed,31.7,30.1,29.86,29.4,26.86
2018,7,12,Thu,30.1,29.4,30.44,30.2,28.44
2018,7,13,Fri,29.4,30.2,28.94,29.1,30.94
2018,7,14,Sat,30.2,29.1,28.72,29.5,28.72
2018,7,15,Sun,29.1,29.5,29.92,34.0,33.92
2018,7,16,Mon,29.5,34.0,30.82,37.2,28.82
2018,7,17,Tue,34.0,37.2,28.68,29.2,28.68
2018,7,18,Wed,37.2,29.2,29.14,30.2,28.14
2018,7,19,Thu,29.2,30.2,29.5,30.5,25.5
2018,7,20,Fri,30.2,30.5,30.0,29.5,25.0
2018,7,21,Sat,30.5,29.5,29.5,29.1,31.5
2018,7,22,Sun,29.5,29.1,29.84,28.0,25.84
2018,7,23,Mon,29.1,28.0,31.08,30.0,34.08
2018,7,24,Tue,28.0,30.0,30.9,31.5,32.9
2018,7,25,Wed,30.0,31.5,30.28,30.5,31.28
2018,7,26,Thu,31.5,30.5,30.12,31.1,25.12
2018,7,27,Fri,30.5,31.1,32.16,31.0,29.16
2018,7,28,Sat,31.1,31.0,30.34,30.3,27.34
2018,7,29,Sun,31.0,30.3,30.72,30.5,26.72
2018,7,30,Mon,30.3,30.5,30.7,31.0,34.7
2018,7,31,Tue,30.5,31.0,31.02,30.7,32.02
2018,8,1,Wed,31.0,30.7,30.26,31.3,30.26
2018,8,2,Thu,30.7,31.3,30.62,32.7,33.62
2018,8,3,Fri,31.3,32.7,31.46,33.0,31.46
2018,8,4,Sat,32.7,33.0,31.3,34.6,32.3
2018,8,5,Sun,33.0,34.6,31.28,37.0,27.28
2018,8,6,Mon,34.6,37.0,30.96,33.4,30.96
2018,8,7,Tue,37.0,33.4,31.32,32.0,29.32
2018,8,8,Wed,33.4,32.0,32.26,31.0,30.26
2018,8,9,Thu,32.0,31.0,33.38,32.0,34.38
2018,8,10,Fri,31.0,32.0,28.96,29.4,33.96
2018,8,11,Sat,32.0,29.4,29.14,29.9,27.14
2018,8,12,Sun,29.4,29.9,30.18,30.0,26.18
2018,8,13,Mon,29.9,30.0,30.06,33.1,29.06
2018,8,14,Tue,30.0,33.1,29.74,30.1,28.74
2018,8,15,Wed,33.1,30.1,29.74,30.0,29.74
2018,8,16,Thu,30.1,30.0,30.22,28.5,28.22
2018,8,17,Fri,30.0,28.5,30.04,29.0,29.04
2018,8,18,Sat,28.5,29.0,29.78,27.2,29.78
2018,8,19,Sun,29.0,27.2,30.6,30.0,28.6
2018,8,20,Mon,27.2,30.0,31.24,32.4,26.24
2018,8,21,Tue,30.0,32.4,29.7,31.7,33.7
2018,8,22,Wed,32.4,31.7,30.6,31.8,25.6
2018,8,23,Thu,31.7,31.8,30.54,31.5,25.54
2018,8,24,Fri,31.8,31.5,30.22,30.8,25.22
2018,8,25,Sat,31.5,30.8,29.94,29.2,31.94
2018,8,26,Sun,30.8,29.2,29.78,29.8,33.78
2018,8,27,Mon,29.2,29.8,29.66,30.2,33.66
2018,8,28,Tue,29.8,30.2,30.24,30.0,31.24
2018,8,29,Wed,30.2,30.0,28.08,30.5,30.08
2018,8,30,Thu,30.0,30.5,29.06,30.7,28.06
2018,8,31,Fri,30.5,30.7,28.9,29.5,27.9
2018,9,1,Sat,30.7,29.5,29.14,30.5,28.14
2018,9,2,Sun,29.5,30.5,28.66,29.6,30.66
2018,9,3,Mon,30.5,29.6,29.74,29.8,27.74
2018,9,4,Tue,29.6,29.8,31.04,31.4,28.04
2018,9,5,Wed,29.8,31.4,30.02,29.6,27.02
2018,9,6,Thu,31.4,29.6,28.8,28.8,26.8
2018,9,7,Fri,29.6,28.8,27.6,28.4,24.6
2018,9,8,Sat,28.8,28.4,27.84,26.5,22.84
2018,9,9,Sun,28.4,26.5,27.92,26.7,27.92
2018,9,10,Mon,26.5,26.7,28.36,27.5,23.36
2018,9,11,Tue,26.7,27.5,29.24,28.8,28.24
2018,9,12,Wed,27.5,28.8,28.2,30.0,24.2
2018,9,13,Thu,28.8,30.0,28.0,29.5,32.0
2018,9,14,Fri,30.0,29.5,28.76,28.9,30.76
2018,9,15,Sat,29.5,28.9,26.76,24.0,21.76
2018,9,16,Sun,28.9,24.0,26.66,24.0,23.66
2018,9,17,Mon,24.0,24.0,28.22,28.3,33.22
2018,9,18,Tue,24.0,28.3,27.36,25.5,32.36
2018,9,19,Wed,28.3,25.5,27.64,28.7,27.64
2018,9,20,Thu,25.5,28.7,27.86,28.8,25.86
2018,9,21,Fri,28.7,28.8,28.26,31.0,25.26
2018,9,22,Sat,28.8,31.0,29.64,30.7,24.64
2018,9,23,Sun,31.0,30.7,29.16,31.8,34.16
2018,9,24,Mon,30.7,31.8,29.86,29.8,26.86
2018,9,25,Tue,31.8,29.8,27.86,22.7,22.86
2018,9,26,Wed,29.8,22.7,26.66,26.6,27.66
2018,9,27,Thu,22.7,26.6,27.02,26.5,25.02
2018,9,28,Fri,26.6,26.5,26.84,28.1,23.84
2018,9,29,Sat,26.5,28.1,27.1,29.4,22.1
2018,9,30,Sun,28.1,29.4,26.3,26.5,30.3
2018,10,1,Mon,29.4,26.5,29.22,26.2,31.22
2018,10,2,Tue,26.5,26.2,27.12,26.0,24.12
2018,10,3,Wed,26.2,26.0,26.5,27.5,26.5
2018,10,4,Thu,26.0,27.5,26.68,26.6,21.68
2018,10,5,Fri,27.5,26.6,26.84,26.0,22.84
2018,10,6,Sat,26.6,26.0,27.76,27.0,22.76
2018,10,7,Sun,26.0,27.0,26.76,25.5,30.76
2018,10,8,Mon,27.0,25.5,25.94,23.4,20.94
2018,10,9,Tue,25.5,23.4,24.9,21.9,28.9
2018,10,10,Wed,23.4,21.9,24.92,25.5,24.92
2018,10,11,Thu,21.9,25.5,25.52,25.9,25.52
2018,10,12,Fri,25.5,25.9,25.6,27.6,23.6
2018,10,13,Sat,25.9,27.6,26.04,26.9,23.04
2018,10,14,Sun,27.6,26.9,24.78,24.4,22.78
2018,10,15,Mon,26.9,24.4,24.68,25.1,28.68
2018,10,16,Tue,24.4,25.1,24.58,24.4,26.58
2018,10,17,Wed,25.1,24.4,25.66,25.1,26.66
2018,10,18,Thu,24.4,25.1,23.38,17.6,22.38
2018,10,19,Fri,25.1,17.6,24.28,22.6,26.28
2018,10,20,Sat,17.6,22.6,21.96,22.3,21.96
2018,10,21,Sun,22.6,22.3,24.48,24.3,21.48
2018,10,22,Mon,22.3,24.3,20.94,24.8,15.94
2018,10,23,Tue,24.3,24.8,23.32,23.5,27.32
2018,10,24,Wed,24.8,23.5,25.7,27.2,22.7
2018,10,25,Thu,23.5,27.2,24.98,26.5,25.98
2018,10,26,Fri,27.2,26.5,24.3,24.2,25.3
2018,10,27,Sat,26.5,24.2,24.02,18.1,28.02
2018,10,28,Sun,24.2,18.1,22.46,16.3,25.46
2018,10,29,Mon,18.1,16.3,22.82,17.6,17.82
2018,10,30,Tue,16.3,17.6,22.12,14.4,20.12
2018,10,31,Wed,17.6,14.4,22.3,15.7,20.3
2018,11,1,Thu,14.4,15.7,24.5,19.6,20.5
2018,11,2,Fri,15.7,19.6,23.26,17.0,21.26
2018,11,3,Sat,19.6,17.0,23.38,20.6,24.38
2018,11,4,Sun,17.0,20.6,21.62,20.5,17.62
2018,11,5,Mon,20.6,20.5,21.18,15.4,18.18
2018,11,6,Tue,20.5,15.4,20.78,20.0,23.78
2018,11,7,Wed,15.4,20.0,21.26,22.7,26.26
2018,11,8,Thu,20.0,22.7,20.6,20.4,15.6
2018,11,9,Fri,22.7,20.4,20.32,20.5,16.32
2018,11,10,Sat,20.4,20.5,20.32,18.5,18.32
2018,11,11,Sun,20.5,18.5,22.98,25.5,27.98
2018,11,12,Mon,18.5,25.5,21.54,20.3,18.54
2018,11,13,Tue,25.5,20.3,20.26,20.2,24.26
2018,11,14,Wed,20.3,20.2,18.38,19.6,22.38
2018,11,15,Thu,20.2,19.6,19.34,17.4,23.34
2018,11,16,Fri,19.6,17.4,19.08,16.5,19.08
2018,11,17,Sat,17.4,16.5,19.5,17.6,16.5
2018,11,18,Sun,16.5,17.6,20.02,16.2,15.02
2018,11,19,Mon,17.6,16.2,19.64,14.9,20.64
2018,11,20,Tue,16.2,14.9,19.42,20.4,16.42
2018,11,21,Wed,14.9,20.4,19.48,18.9,16.48
2018,11,22,Thu,20.4,18.9,17.54,17.3,15.54
2018,11,23,Fri,18.9,17.3,18.84,17.9,19.84
2018,11,24,Sat,17.3,17.9,20.14,19.6,22.14
2018,11,25,Sun,17.9,19.6,20.34,21.4,25.34
2018,11,26,Mon,19.6,21.4,19.28,19.8,18.28
2018,11,27,Tue,21.4,19.8,18.6,21.6,22.6
2018,11,28,Wed,19.8,21.6,18.04,21.4,20.04
2018,11,29,Thu,21.6,21.4,18.2,18.9,20.2
2018,11,30,Fri,21.4,18.9,19.04,19.9,17.04
2018,12,1,Sat,18.9,19.9,18.64,20.0,17.64
2018,12,2,Sun,19.9,20.0,16.74,22.6,16.74
2018,12,3,Mon,20.0,22.6,17.26,22.1,14.26
2018,12,4,Tue,22.6,22.1,17.36,24.3,19.36
2018,12,5,Wed,22.1,24.3,16.34,20.0,17.34
2018,12,6,Thu,24.3,20.0,17.64,22.1,18.64
2018,12,7,Fri,20.0,22.1,17.98,20.6,21.98
2018,12,8,Sat,22.1,20.6,18.4,19.3,19.4
2018,12,9,Sun,20.6,19.3,19.52,24.0,14.52
2018,12,10,Mon,19.3,24.0,19.22,18.4,23.22
2018,12,11,Tue,24.0,18.4,19.76,18.0,20.76
2018,12,12,Wed,18.4,18.0,18.48,20.1,16.48
2018,12,13,Thu,18.0,20.1,18.44,15.1,14.44
2018,12,14,Fri,20.1,15.1,18.0,18.5,19.0
2018,12,15,Sat,15.1,18.5,19.08,19.4,24.08
2018,12,16,Sun,18.5,19.4,17.26,19.4,12.26
2018,12,17,Mon,19.4,19.4,18.02,17.5,14.02
2018,12,18,Tue,19.4,17.5,17.04,15.8,22.04
2018,12,19,Wed,17.5,15.8,16.44,19.4,18.44
2018,12,20,Thu,15.8,19.4,19.4,19.5,21.4
2018,12,21,Fri,19.4,19.5,19.44,17.3,21.44
2018,12,22,Sat,19.5,17.3,19.92,20.1,24.92
2018,12,23,Sun,17.3,20.1,19.9,20.5,18.9
2018,12,24,Mon,20.1,20.5,19.34,18.6,19.34
2018,12,25,Tue,20.5,18.6,17.32,15.4,17.32
2018,12,26,Wed,18.6,15.4,18.26,17.5,20.26
2018,12,27,Thu,15.4,17.5,17.68,18.0,13.68
2018,12,28,Fri,17.5,18.0,17.06,15.2,14.06
2018,12,29,Sat,18.0,15.2,17.54,17.1,18.54
2018,12,30,Sun,15.2,17.1,17.98,18.8,18.98
2018,12,31,Mon,17.1,18.8,17.78,20.3,18.78
2019,1,1,Tue,18.8,20.3,16.8,18.0,14.8
2019,1,2,Wed,20.3,18.0,17.62,18.8,19.62
2019,1,3,Thu,18.0,18.8,17.92,16.6,14.92
2019,1,4,Fri,18.8,16.6,19.38,16.1,24.38
2019,1,5,Sat,16.6,16.1,18.5,18.7,20.5
2019,1,6,Sun,16.1,18.7,16.74,20.9,16.74
2019,1,7,Mon,18.7,20.9,16.88,17.6,15.88
2019,1,8,Tue,20.9,17.6,17.5,17.8,19.5
2019,1,9,Wed,17.6,17.8,17.88,20.4,12.88
2019,1,10,Thu,17.8,20.4,17.18,15.0,19.18
2019,1,11,Fri,20.4,15.0,16.52,12.6,18.52
2019,1,12,Sat,15.0,12.6,17.7,15.2,21.7
2019,1,13,Sun,12.6,15.2,16.62,17.1,14.62
2019,1,14,Mon,15.2,17.1,17.4,20.6,18.4
2019,1,15,Tue,17.1,20.6,17.46,17.8,17.46
2019,1,16,Wed,20.6,17.8,18.04,16.6,17.04
2019,1,17,Thu,17.8,16.6,16.82,14.0,20.82
2019,1,18,Fri,16.6,14.0,16.28,15.0,14.28
2019,1,19,Sat,14.0,15.0,14.3,15.6,11.3
2019,1,20,Sun,15.0,15.6,14.56,15.4,11.56
2019,1,21,Mon,15.6,15.4,17.14,16.6,16.14
2019,1,22,Tue,15.4,16.6,17.96,15.2,20.96
2019,1,23,Wed,16.6,15.2,18.04,19.8,19.04
2019,1,24,Thu,15.2,19.8,16.34,15.3,15.34
2019,1,25,Fri,19.8,15.3,17.34,21.8,13.34
2019,1,26,Sat,15.3,21.8,16.1,19.1,14.1
2019,1,27,Sun,21.8,19.1,17.54,20.3,18.54
2019,1,28,Mon,19.1,20.3,17.98,20.4,19.98
2019,1,29,Tue,20.3,20.4,17.8,17.3,19.8
2019,1,30,Wed,20.4,17.3,19.44,18.8,16.44
2019,1,31,Thu,17.3,18.8,20.04,21.1,20.04
2019,2,1,Fri,18.8,21.1,20.72,18.7,18.72
2019,2,2,Sat,21.1,18.7,18.06,17.1,16.06
2019,2,3,Sun,18.7,17.1,18.8,13.6,15.8
2019,2,4,Mon,17.1,13.6,18.18,17.2,17.18
2019,2,5,Tue,13.6,17.2,17.1,21.6,14.1
2019,2,6,Wed,17.2,21.6,16.72,20.4,19.72
2019,2,7,Thu,21.6,20.4,18.86,22.8,19.86
2019,2,8,Fri,20.4,22.8,18.1,17.4,15.1
2019,2,9,Sat,22.8,17.4,18.42,20.4,20.42
2019,2,10,Sun,17.4,20.4,19.04,19.3,17.04
2019,2,11,Mon,20.4,19.3,20.1,19.5,17.1
2019,2,12,Tue,19.3,19.5,17.92,17.0,16.92
2019,2,13,Wed,19.5,17.0,19.18,16.5,23.18
2019,2,14,Thu,17.0,16.5,18.88,15.2,13.88
2019,2,15,Fri,16.5,15.2,18.84,15.4,18.84
2019,2,16,Sat,15.2,15.4,17.1,16.8,22.1
2019,2,17,Sun,15.4,16.8,17.64,16.1,17.64
2019,2,18,Mon,16.8,16.1,16.34,16.9,15.34
2019,2,19,Tue,16.1,16.9,16.56,16.6,14.56
2019,2,20,Wed,16.9,16.6,18.3,17.0,17.3
2019,2,21,Thu,16.6,17.0,17.58,16.6,18.58
2019,2,22,Fri,17.0,16.6,18.84,22.5,18.84
2019,2,23,Sat,16.6,22.5,19.42,21.7,14.42
2019,2,24,Sun,22.5,21.7,17.98,17.5,17.98
2019,2,25,Mon,21.7,17.5,20.26,18.6,22.26
2019,2,26,Tue,17.5,18.6,20.16,22.6,22.16
2019,2,27,Wed,18.6,22.6,18.64,25.4,17.64
2019,2,28,Thu,22.6,25.4,18.62,23.6,19.62
2019,3,1,Fri,25.4,23.6,20.4,21.7,21.4
2019,3,2,Sat,23.6,21.7,21.68,22.8,17.68
2019,3,3,Sun,21.7,22.8,20.86,25.3,17.86
2019,3,4,Mon,22.8,25.3,20.88,23.4,19.88
2019,3,5,Tue,25.3,23.4,19.56,18.0,20.56
2019,3,6,Wed,23.4,18.0,20.42,19.7,21.42
2019,3,7,Thu,18.0,19.7,20.32,21.4,17.32
2019,3,8,Fri,19.7,21.4,19.74,19.7,23.74
2019,3,9,Sat,21.4,19.7,23.16,22.8,27.16
2019,3,10,Sun,19.7,22.8,20.92,24.5,22.92
2019,3,11,Mon,22.8,24.5,20.26,20.5,16.26
2019,3,12,Tue,24.5,20.5,19.44,18.9,15.44
2019,3,13,Wed,20.5,18.9,19.28,22.0,15.28
2019,3,14,Thu,18.9,22.0,18.86,20.8,22.86
2019,3,15,Fri,22.0,20.8,19.32,23.2,17.32
2019,3,16,Sat,20.8,23.2,19.0,19.8,20.0
2019,3,17,Sun,23.2,19.8,19.34,29.8,21.34
2019,3,18,Mon,19.8,29.8,18.6,17.2,17.6
2019,3,19,Tue,29.8,17.2,17.14,17.0,14.14
2019,3,20,Wed,17.2,17.0,16.92,16.6,16.92
2019,3,21,Thu,17.0,16.6,16.92,17.5,14.92
2019,3,22,Fri,16.6,17.5,18.34,19.0,14.34
2019,3,23,Sat,17.5,19.0,19.9,18.9,19.9
2019,3,24,Sun,19.0,18.9,18.6,23.0,19.6
2019,3,25,Mon,18.9,23.0,19.88,21.7,24.88
2019,3,26,Tue,23.0,21.7,20.38,18.7,15.38
2019,3,27,Wed,21.7,18.7,20.32,19.3,24.32
2019,3,28,Thu,18.7,19.3,22.34,18.3,26.34
2019,3,29,Fri,19.3,18.3,23.02,17.8,23.02
2019,3,30,Sat,18.3,17.8,18.58,17.1,17.58
2019,3,31,Sun,17.8,17.1,18.54,13.3,15.54
2019,4,1,Mon,17.1,13.3,19.46,17.2,19.46
2019,4,2,Tue,13.3,17.2,19.82,21.2,20.82
2019,4,3,Wed,17.2,21.2,21.88,24.4,24.88
2019,4,4,Thu,21.2,24.4,19.62,19.5,22.62
2019,4,5,Fri,24.4,19.5,18.84,19.4,19.84
2019,4,6,Sat,19.5,19.4,19.76,17.5,20.76
2019,4,7,Sun,19.4,17.5,20.78,20.7,19.78
2019,4,8,Mon,17.5,20.7,21.2,24.0,19.2
2019,4,9,Tue,20.7,24.0,21.4,21.6,18.4
2019,4,10,Wed,24.0,21.6,20.48,20.9,21.48
2019,4,11,Thu,21.6,20.9,21.26,22.4,26.26
2019,4,12,Fri,20.9,22.4,21.72,20.9,18.72
2019,4,13,Sat,22.4,20.9,21.7,21.2,25.7
2019,4,14,Sun,20.9,21.2,24.46,30.4,23.46
2019,4,15,Mon,21.2,30.4,20.86,19.9,16.86
2019,4,16,Tue,30.4,19.9,22.42,19.6,21.42
2019,4,17,Wed,19.9,19.6,22.8,20.0,20.8
2019,4,18,Thu,19.6,20.0,20.22,15.7,22.22
2019,4,19,Fri,20.0,15.7,17.94,15.7,15.94
2019,4,20,Sat,15.7,15.7,20.28,16.6,21.28
2019,4,21,Sun,15.7,16.6,19.24,16.3,20.24
2019,4,22,Mon,16.6,16.3,20.4,17.2,18.4
2019,4,23,Tue,16.3,17.2,22.72,22.6,17.72
2019,4,24,Wed,17.2,22.6,22.6,22.1,23.6
2019,4,25,Thu,22.6,22.1,21.28,22.5,20.28
2019,4,26,Fri,22.1,22.5,21.32,23.2,16.32
2019,4,27,Sat,22.5,23.2,20.8,21.0,25.8
2019,4,28,Sun,23.2,21.0,20.06,20.5,20.06
2019,4,29,Mon,21.0,20.5,20.6,19.6,25.6
2019,4,30,Tue,20.5,19.6,22.34,19.8,25.34
2019,5,1,Wed,19.6,19.8,22.44,20.2,17.44
2019,5,2,Thu,19.8,20.2,24.7,20.6,23.7
2019,5,3,Fri,20.2,20.6,23.28,19.5,22.28
2019,5,4,Sat,20.6,19.5,21.5,20.2,20.5
2019,5,5,Sun,19.5,20.2,21.26,19.5,24.26
2019,5,6,Mon,20.2,19.5,23.36,18.9,27.36
2019,5,7,Tue,19.5,18.9,22.74,20.8,20.74
2019,5,8,Wed,18.9,20.8,23.78,29.4,21.78
2019,5,9,Thu,20.8,29.4,23.48,29.6,26.48
2019,5,10,Fri,29.4,29.6,24.78,32.5,20.78
2019,5,11,Sat,29.6,32.5,25.5,24.1,25.5
2019,5,12,Sun,32.5,24.1,24.78,22.1,24.78
2019,5,13,Mon,24.1,22.1,25.36,23.6,25.36
2019,5,14,Tue,22.1,23.6,23.86,23.3,21.86
2019,5,15,Wed,23.6,23.3,22.9,22.4,24.9
2019,5,16,Thu,23.3,22.4,23.04,22.1,25.04
2019,5,17,Fri,22.4,22.1,23.82,24.8,27.82
2019,5,18,Sat,22.1,24.8,23.14,19.5,27.14
2019,5,19,Sun,24.8,19.5,24.7,26.0,29.7
2019,5,20,Mon,19.5,26.0,24.06,21.8,20.06
2019,5,21,Tue,26.0,21.8,24.16,22.6,27.16
2019,5,22,Wed,21.8,22.6,27.1,23.0,29.1
2019,5,23,Thu,22.6,23.0,24.72,24.5,26.72
2019,5,24,Fri,23.0,24.5,23.0,18.0,20.0
2019,5,25,Sat,24.5,18.0,24.66,23.5,20.66
2019,5,26,Sun,18.0,23.5,24.76,23.2,24.76
2019,5,27,Mon,23.5,23.2,24.56,23.4,23.56
2019,5,28,Tue,23.2,23.4,26.82,22.0,27.82
2019,5,29,Wed,23.4,22.0,25.98,23.8,28.98
2019,5,30,Thu,22.0,23.8,24.3,24.0,20.3
2019,5,31,Fri,23.8,24.0,25.46,25.4,28.46
2019,6,1,Sat,24.0,25.4,25.6,24.5,26.6
2019,6,2,Sun,25.4,24.5,25.06,25.5,27.06
2019,6,3,Mon,24.5,25.5,25.5,25.1,22.5
2019,6,4,Tue,25.5,25.1,25.66,24.5,21.66
2019,6,5,Wed,25.1,24.5,27.28,29.3,30.28
2019,6,6,Thu,24.5,29.3,26.62,24.0,28.62
2019,6,7,Fri,29.3,24.0,26.96,30.1,23.96
2019,6,8,Sat,24.0,30.1,24.94,23.9,25.94
2019,6,9,Sun,30.1,23.9,25.8,26.1,22.8
2019,6,10,Mon,23.9,26.1,25.78,25.2,29.78
2019,6,11,Tue,26.1,25.2,28.12,23.7,31.12
2019,6,12,Wed,25.2,23.7,27.3,21.8,25.3
2019,6,13,Thu,23.7,21.8,28.36,23.2,32.36
2019,6,14,Fri,21.8,23.2,27.76,29.2,27.76
2019,6,15,Sat,23.2,29.2,29.5,31.8,26.5
2019,6,16,Sun,29.2,31.8,26.5,23.8,27.5
2019,6,17,Mon,31.8,23.8,27.34,26.1,31.34
2019,6,18,Tue,23.8,26.1,26.48,26.2,21.48
2019,6,19,Wed,26.1,26.2,26.78,26.1,28.78
2019,6,20,Thu,26.2,26.1,27.04,25.6,26.04
2019,6,21,Fri,26.1,25.6,28.38,26.1,29.38
2019,6,22,Sat,25.6,26.1,28.84,25.9,30.84
2019,6,23,Sun,26.1,25.9,28.48,27.0,26.48
2019,6,24,Mon,25.9,27.0,28.06,26.9,33.06
2019,6,25,Tue,27.0,26.9,28.44,27.4,33.44
2019,6,26,Wed,26.9,27.4,28.52,28.5,31.52
2019,6,27,Thu,27.4,28.5,29.96,29.8,30.96
2019,6,28,Fri,28.5,29.8,30.44,34.6,32.44
2019,6,29,Sat,29.8,34.6,30.58,35.5,30.58
2019,6,30,Sun,34.6,35.5,28.68,32.3,32.68
2019,7,1,Mon,35.5,32.3,28.12,29.4,27.12
2019,7,2,Tue,32.3,29.4,29.6,29.5,29.6
2019,7,3,Wed,29.4,29.5,28.78,31.0,24.78
2019,7,4,Thu,29.5,31.0,29.4,31.5,28.4
2019,7,5,Fri,31.0,31.5,29.6,30.5,29.6
2019,7,6,Sat,31.5,30.5,30.28,31.2,30.28
2019,7,7,Sun,30.5,31.2,30.74,37.8,31.74
2019,7,8,Mon,31.2,37.8,30.9,28.5,28.9
2019,7,9,Tue,37.8,28.5,31.06,31.5,33.06
2019,7,10,Wed,28.5,31.5,30.34,29.0,27.34
2019,7,11,Thu,31.5,29.0,29.86,31.0,30.86
2019,7,12,Fri,29.0,31.0,30.44,32.5,26.44
2019,7,13,Sat,31.0,32.5,28.94,30.4,31.94
2019,7,14,Sun,32.5,30.4,28.72,29.7,29.72
2019,7,15,Mon,30.4,29.7,29.92,30.5,30.92
2019,7,16,Tue,29.7,30.5,30.82,29.0,32.82
2019,7,17,Wed,30.5,29.0,28.68,30.1,31.68
2019,7,18,Thu,29.0,30.1,29.14,29.4,28.14
2019,7,19,Fri,30.1,29.4,29.5,29.4,32.5
2019,7,20,Sat,29.4,29.4,30.0,30.4,25.0
2019,7,21,Sun,29.4,30.4,29.5,30.5,34.5
2019,7,22,Mon,30.4,30.5,29.84,32.0,30.84
2019,7,23,Tue,30.5,32.0,31.08,33.2,34.08
2019,7,24,Wed,32.0,33.2,30.9,33.6,25.9
2019,7,25,Thu,33.2,33.6,30.28,31.4,31.28
2019,7,26,Fri,33.6,31.4,30.12,30.0,34.12
2019,7,27,Sat,31.4,30.0,32.16,36.0,27.16
2019,7,28,Sun,30.0,36.0,30.34,28.8,35.34
2019,7,29,Mon,36.0,28.8,30.72,31.4,31.72
2019,7,30,Tue,28.8,31.4,30.7,29.8,27.7
2019,7,31,Wed,31.4,29.8,31.02,28.8,33.02
2019,8,1,Thu,29.8,28.8,30.26,28.7,32.26
2019,8,2,Fri,28.8,28.7,30.62,29.7,25.62
2019,8,3,Sat,28.7,29.7,31.46,29.9,34.46
2019,8,4,Sun,29.7,29.9,31.3,30.7,34.3
2019,8,5,Mon,29.9,30.7,31.28,30.5,36.28
2019,8,6,Tue,30.7,30.5,30.96,31.0,31.96
2019,8,7,Wed,30.5,31.0,31.32,33.0,34.32
2019,8,8,Thu,31.0,33.0,32.26,35.5,27.26
2019,8,9,Fri,33.0,35.5,33.38,41.4,36.38
2019,8,10,Sat,35.5,41.4,28.96,32.0,28.96
2019,8,11,Sun,41.4,32.0,29.14,32.5,34.14
2019,8,12,Mon,32.0,32.5,30.18,30.5,26.18
2019,8,13,Tue,32.5,30.5,30.06,28.0,29.06
2019,8,14,Wed,30.5,28.0,29.74,29.9,28.74
2019,8,15,Thu,28.0,29.9,29.74,30.5,33.74
2019,8,16,Fri,29.9,30.5,30.22,29.4,30.22
2019,8,17,Sat,30.5,29.4,30.04,30.0,27.04
2019,8,18,Sun,29.4,30.0,29.78,30.7,25.78
2019,8,19,Mon,30.0,30.7,30.6,31.2,35.6
2019,8,20,Tue,30.7,31.2,31.24,31.1,35.24
2019,8,21,Wed,31.2,31.1,29.7,26.9,25.7
2019,8,22,Thu,31.1,26.9,30.6,29.7,31.6
2019,8,23,Fri,26.9,29.7,30.54,31.5,29.54
2019,8,24,Sat,29.7,31.5,30.22,30.2,35.22
2019,8,25,Sun,31.5,30.2,29.94,29.9,31.94
2019,8,26,Mon,30.2,29.9,29.78,29.8,26.78
2019,8,27,Tue,29.9,29.8,29.66,29.2,29.66
2019,8,28,Wed,29.8,29.2,30.24,29.4,32.24
2019,8,29,Thu,29.2,29.4,28.08,30.7,27.08
2019,8,30,Fri,29.4,30.7,29.06,31.4,34.06
2019,8,31,Sat,30.7,31.4,28.9,32.0,27.9
2019,9,1,Sun,31.4,32.0,29.14,32.3,26.14
2019,9,2,Mon,32.0,32.3,28.66,28.1,30.66
2019,9,3,Tue,32.3,28.1,29.74,29.3,27.74
2019,9,4,Wed,28.1,29.3,31.04,29.8,34.04
2019,9,5,Thu,29.3,29.8,30.02,28.7,28.02
2019,9,6,Fri,29.8,28.7,28.8,26.2,25.8
2019,9,7,Sat,28.7,26.2,27.6,25.4,24.6
2019,9,8,Sun,26.2,25.4,27.84,27.5,32.84
2019,9,9,Mon,25.4,27.5,27.92,29.9,28.92
2019,9,10,Tue,27.5,29.9,28.36,27.4,25.36
2019,9,11,Wed,29.9,27.4,29.24,22.4,34.24
2019,9,12,Thu,27.4,22.4,28.2,25.5,30.2
2019,9,13,Fri,22.4,25.5,28.0,23.5,27.0
2019,9,14,Sat,25.5,23.5,28.76,25.8,26.76
2019,9,15,Sun,23.5,25.8,26.76,26.2,28.76
2019,9,16,Mon,25.8,26.2,26.66,27.8,31.66
2019,9,17,Tue,26.2,27.8,28.22,29.0,24.22
2019,9,18,Wed,27.8,29.0,27.36,29.5,28.36
2019,9,19,Thu,29.0,29.5,27.64,27.0,32.64
2019,9,20,Fri,29.5,27.0,27.86,26.7,29.86
2019,9,21,Sat,27.0,26.7,28.26,28.9,27.26
2019,9,22,Sun,26.7,28.9,29.64,31.5,29.64
2019,9,23,Mon,28.9,31.5,29.16,27.3,25.16
2019,9,24,Tue,31.5,27.3,29.86,34.5,27.86
2019,9,25,Wed,27.3,34.5,27.86,28.4,23.86
2019,9,26,Thu,34.5,28.4,26.66,27.5,22.66
2019,9,27,Fri,28.4,27.5,27.02,29.3,22.02
2019,9,28,Sat,27.5,29.3,26.84,28.5,23.84
2019,9,29,Sun,29.3,28.5,27.1,29.5,28.1
2019,9,30,Mon,28.5,29.5,26.3,27.7,29.3
2019,10,1,Tue,29.5,27.7,29.22,35.0,34.22
2019,10,2,Wed,27.7,35.0,27.12,30.0,30.12
2019,10,3,Thu,35.0,30.0,26.5,26.5,31.5
2019,10,4,Fri,30.0,26.5,26.68,29.2,29.68
2019,10,5,Sat,26.5,29.2,26.84,27.5,29.84
2019,10,6,Sun,29.2,27.5,27.76,27.6,30.76
2019,10,7,Mon,27.5,27.6,26.76,27.6,31.76
2019,10,8,Tue,27.6,27.6,25.94,27.1,24.94
2019,10,9,Wed,27.6,27.1,24.9,27.0,21.9
2019,10,10,Thu,27.1,27.0,24.92,23.1,19.92
2019,10,11,Fri,27.0,23.1,25.52,26.5,22.52
2019,10,12,Sat,23.1,26.5,25.6,27.1,21.6
2019,10,13,Sun,26.5,27.1,26.04,26.8,26.04
2019,10,14,Mon,27.1,26.8,24.78,24.4,24.78
2019,10,15,Tue,26.8,24.4,24.68,24.4,26.68
2019,10,16,Wed,24.4,24.4,24.58,26.5,19.58
2019,10,17,Thu,24.4,26.5,25.66,29.3,27.66
2019,10,18,Fri,26.5,29.3,23.38,29.7,24.38
2019,10,19,Sat,29.3,29.7,24.28,29.0,25.28
2019,10,20,Sun,29.7,29.0,21.96,20.2,16.96
2019,10,21,Mon,29.0,20.2,24.48,22.3,29.48
2019,10,22,Tue,20.2,22.3,20.94,14.4,22.94
2019,10,23,Wed,22.3,14.4,23.32,20.4,21.32
2019,10,24,Thu,14.4,20.4,25.7,24.1,20.7
2019,10,25,Fri,20.4,24.1,24.98,25.0,25.98
2019,10,26,Sat,24.1,25.0,24.3,23.5,25.3
2019,10,27,Sun,25.0,23.5,24.02,23.6,20.02
2019,10,28,Mon,23.5,23.6,22.46,22.0,26.46
2019,10,29,Tue,23.6,22.0,22.82,24.5,25.82
2019,10,30,Wed,22.0,24.5,22.12,26.4,23.12
2019,10,31,Thu,24.5,26.4,22.3,28.6,26.3
2019,11,1,Fri,26.4,28.6,24.5,30.1,27.5
2019,11,2,Sat,28.6,30.1,23.26,28.0,25.26
2019,11,3,Sun,30.1,28.0,23.38,25.5,20.38
2019,11,4,Mon,28.0,25.5,21.62,24.7,18.62
2019,11,5,Tue,25.5,24.7,21.18,21.3,21.18
2019,11,6,Wed,24.7,21.3,20.78,23.0,16.78
2019,11,7,Thu,21.3,23.0,21.26,23.1,18.26
2019,11,8,Fri,23.0,23.1,20.6,18.7,22.6
2019,11,9,Sat,23.1,18.7,20.32,20.5,17.32
2019,11,10,Sun,18.7,20.5,20.32,18.9,17.32
2019,11,11,Mon,20.5,18.9,22.98,20.1,19.98
2019,11,12,Tue,18.9,20.1,21.54,21.4,18.54
2019,11,13,Wed,20.1,21.4,20.26,19.2,24.26
2019,11,14,Thu,21.4,19.2,18.38,17.3,18.38
2019,11,15,Fri,19.2,17.3,19.34,17.5,19.34
2019,11,16,Sat,17.3,17.5,19.08,17.7,15.08
2019,11,17,Sun,17.5,17.7,19.5,16.3,21.5
2019,11,18,Mon,17.7,16.3,20.02,16.8,23.02
2019,11,19,Tue,16.3,16.8,19.64,18.1,21.64
2019,11,20,Wed,16.8,18.1,19.42,18.2,21.42
2019,11,21,Thu,18.1,18.2,19.48,18.2,17.48
2019,11,22,Fri,18.2,18.2,17.54,16.9,21.54
2019,11,23,Sat,18.2,16.9,18.84,19.0,14.84
2019,11,24,Sun,16.9,19.0,20.14,20.4,18.14
2019,11,25,Mon,19.0,20.4,20.34,23.4,23.34
2019,11,26,Tue,20.4,23.4,19.28,24.1,18.28
2019,11,27,Wed,23.4,24.1,18.6,22.1,15.6
2019,11,28,Thu,24.1,22.1,18.04,20.2,23.04
2019,11,29,Fri,22.1,20.2,18.2,22.8,13.2
2019,11,30,Sat,20.2,22.8,19.04,23.3,16.04
2019,12,1,Sun,22.8,23.3,18.64,20.4,23.64
2019,12,2,Mon,23.3,20.4,16.74,14.4,18.74
2019,12,3,Tue,20.4,14.4,17.26,12.7,20.26
2019,12,4,Wed,14.4,12.7,17.36,14.7,13.36
2019,12,5,Thu,12.7,14.7,16.34,14.5,11.34
2019,12,6,Fri,14.7,14.5,17.64,15.1,12.64
2019,12,7,Sat,14.5,15.1,17.98,18.4,16.98
2019,12,8,Sun,15.1,18.4,18.4,18.1,18.4
2019,12,9,Mon,18.4,18.1,19.52,20.3,23.52
2019,12,10,Tue,18.1,20.3,19.22,19.8,21.22
2019,12,11,Wed,20.3,19.8,19.76,19.5,21.76
2019,12,12,Thu,19.8,19.5,18.48,17.4,13.48
2019,12,13,Fri,19.5,17.4,18.44,21.1,22.44
2019,12,14,Sat,17.4,21.1,18.0,20.6,20.0
2019,12,15,Sun,21.1,20.6,19.08,20.9,22.08
2019,12,16,Mon,20.6,20.9,17.26,15.0,17.26
2019,12,17,Tue,20.9,15.0,18.02,18.3,17.02
2019,12,18,Wed,15.0,18.3,17.04,20.4,17.04
2019,12,19,Thu,18.3,20.4,16.44,16.6,21.44
2019,12,20,Fri,20.4,16.6,19.4,22.2,14.4
2019,12,21,Sat,16.6,22.2,19.44,25.3,20.44
2019,12,22,Sun,22.2,25.3,19.92,21.1,24.92
2019,12,23,Mon,25.3,21.1,19.9,21.5,18.9
2019,12,24,Tue,21.1,21.5,19.34,24.2,20.34
2019,12,25,Wed,21.5,24.2,17.32,20.9,15.32
2019,12,26,Thu,24.2,20.9,18.26,23.3,16.26
2019,12,27,Fri,20.9,23.3,17.68,18.5,18.68
2019,12,28,Sat,23.3,18.5,17.06,15.6,18.06
2019,12,29,Sun,18.5,15.6,17.54,16.0,18.54
2019,12,30,Mon,15.6,16.0,17.98,15.4,20.98
2019,12,31,Tue,16.0,15.4,17.78,16.2,17.78
2020,1,1,Wed,15.4,16.2,16.8,15.1,13.8
2020,1,2,Thu,16.2,15.1,17.62,15.6,18.62
2020,1,3,Fri,15.1,15.6,17.92,13.7,17.92
2020,1,4,Sat,15.6,13.7,19.38,15.2,21.38
2020,1,5,Sun,13.7,15.2,18.5,18.5,17.5
2020,1,6,Mon,15.2,18.5,16.74,16.1,12.74
2020,1,7,Tue,18.5,16.1,16.88,16.0,17.88
2020,1,8,Wed,16.1,16.0,17.5,15.5,19.5
2020,1,9,Thu,16.0,15.5,17.88,16.0,18.88
2020,1,10,Fri,15.5,16.0,17.18,16.8,21.18
2020,1,11,Sat,16.0,16.8,16.52,16.9,18.52
2020,1,12,Sun,16.8,16.9,17.7,15.7,21.7
2020,1,13,Mon,16.9,15.7,16.62,17.2,20.62
2020,1,14,Tue,15.7,17.2,17.4,16.9,12.4
2020,1,15,Wed,17.2,16.9,17.46,18.1,16.46
2020,1,16,Thu,16.9,18.1,18.04,18.8,14.04
2020,1,17,Fri,18.1,18.8,16.82,19.0,15.82
2020,1,18,Sat,18.8,19.0,16.28,18.8,11.28
2020,1,19,Sun,19.0,18.8,14.3,9.6,13.3
2020,1,20,Mon,18.8,9.6,14.56,9.2,18.56
2020,1,21,Tue,9.6,9.2,17.14,13.1,16.14
2020,1,22,Wed,9.2,13.1,17.96,14.3,19.96
2020,1,23,Thu,13.1,14.3,18.04,14.4,17.04
2020,1,24,Fri,14.3,14.4,16.34,16.0,16.34
2020,1,25,Sat,14.4,16.0,17.34,14.2,21.34
2020,1,26,Sun,16.0,14.2,16.1,17.8,21.1
2020,1,27,Mon,14.2,17.8,17.54,18.4,19.54
2020,1,28,Tue,17.8,18.4,17.98,17.9,21.98
2020,1,29,Wed,18.4,17.9,17.8,22.4,22.8
2020,1,30,Thu,17.9,22.4,19.44,22.2,23.44
2020,1,31,Fri,22.4,22.2,20.04,23.7,17.04
2020,2,1,Sat,22.2,23.7,20.72,27.1,21.72
2020,2,2,Sun,23.7,27.1,18.06,24.9,23.06
2020,2,3,Mon,27.1,24.9,18.8,25.6,17.8
2020,2,4,Tue,24.9,25.6,18.18,27.1,13.18
2020,2,5,Wed,25.6,27.1,17.1,16.1,21.1
2020,2,6,Thu,27.1,16.1,16.72,16.2,12.72
2020,2,7,Fri,16.1,16.2,18.86,18.1,18.86
2020,2,8,Sat,16.2,18.1,18.1,18.1,21.1
2020,2,9,Sun,18.1,18.1,18.42,18.0,17.42
2020,2,10,Mon,18.1,18.0,19.04,24.9,24.04
2020,2,11,Tue,18.0,24.9,20.1,25.0,24.1
2020,2,12,Wed,24.9,25.0,17.92,18.9,20.92
2020,2,13,Thu,25.0,18.9,19.18,19.0,23.18
2020,2,14,Fri,18.9,19.0,18.88,22.8,14.88
2020,2,15,Sat,19.0,22.8,18.84,18.7,15.84
2020,2,16,Sun,22.8,18.7,17.1,17.2,13.1
2020,2,17,Mon,18.7,17.2,17.64,19.7,21.64
2020,2,18,Tue,17.2,19.7,16.34,15.0,13.34
2020,2,19,Wed,19.7,15.0,16.56,16.5,15.56
2020,2,20,Thu,15.0,16.5,18.3,17.9,19.3
2020,2,21,Fri,16.5,17.9,17.58,17.5,19.58
2020,2,22,Sat,17.9,17.5,18.84,18.5,23.84
2020,2,23,Sun,17.5,18.5,19.42,20.4,17.42
2020,2,24,Mon,18.5,20.4,17.98,21.6,17.98
2020,2,25,Tue,20.4,21.6,20.26,26.2,22.26
2020,2,26,Wed,21.6,26.2,20.16,23.3,18.16
2020,2,27,Thu,26.2,23.3,18.64,25.5,21.64
2020,2,28,Fri,23.3,25.5,18.62,23.9,17.62
2020,2,29,Sat,25.5,23.9,22.1,23.8,24.1
2020,3,1,Sun,23.9,23.8,20.4,22.7,19.4
2020,3,2,Mon,23.8,22.7,21.68,21.5,25.68
2020,3,3,Tue,22.7,21.5,20.86,20.7,23.86
2020,3,4,Wed,21.5,20.7,20.88,25.5,19.88
2020,3,5,Thu,20.7,25.5,19.56,23.0,16.56
2020,3,6,Fri,25.5,23.0,20.42,20.8,21.42
2020,3,7,Sat,23.0,20.8,20.32,20.6,18.32
2020,3,8,Sun,20.8,20.6,19.74,21.0,16.74
2020,3,9,Mon,20.6,21.0,23.16,23.4,21.16
2020,3,10,Tue,21.0,23.4,20.92,18.6,17.92
2020,3,11,Wed,23.4,18.6,20.26,22.9,24.26
2020,3,12,Thu,18.6,22.9,19.44,19.5,18.44
2020,3,13,Fri,22.9,19.5,19.28,19.4,18.28
2020,3,14,Sat,19.5,19.4,18.86,19.0,19.86
2020,3,15,Sun,19.4,19.0,19.32,18.6,17.32
2020,3,16,Mon,19.0,18.6,19.0,15.2,16.0
2020,3,17,Tue,18.6,15.2,19.34,14.6,16.34
2020,3,18,Wed,15.2,14.6,18.6,17.5,21.6
2020,3,19,Thu,14.6,17.5,17.14,16.9,17.14
2020,3,20,Fri,17.5,16.9,16.92,16.4,19.92
2020,3,21,Sat,16.9,16.4,16.92,15.2,20.92
2020,3,22,Sun,16.4,15.2,18.34,17.1,23.34
2020,3,23,Mon,15.2,17.1,19.9,17.6,14.9
2020,3,24,Tue,17.1,17.6,18.6,14.9,15.6
2020,3,25,Wed,17.6,14.9,19.88,10.8,21.88
2020,3,26,Thu,14.9,10.8,20.38,18.0,16.38
2020,3,27,Fri,10.8,18.0,20.32,12.2,17.32
2020,3,28,Sat,18.0,12.2,22.34,17.7,26.34
2020,3,29,Sun,12.2,17.7,23.02,22.3,25.02
2020,3,30,Mon,17.7,22.3,18.58,15.4,22.58
2020,3,31,Tue,22.3,15.4,18.54,14.6,15.54
2020,4,1,Wed,15.4,14.6,19.46,20.4,15.46
2020,4,2,Thu,14.6,20.4,19.82,16.0,17.82
2020,4,3,Fri,20.4,16.0,21.88,18.6,19.88
2020,4,4,Sat,16.0,18.6,19.62,17.2,24.62
2020,4,5,Sun,18.6,17.2,18.84,17.6,18.84
2020,4,6,Mon,17.2,17.6,19.76,18.0,16.76
2020,4,7,Tue,17.6,18.0,20.78,19.5,17.78
2020,4,8,Wed,18.0,19.5,21.2,19.4,25.2
2020,4,9,Thu,19.5,19.4,21.4,19.3,19.4
2020,4,10,Fri,19.4,19.3,20.48,19.7,15.48
2020,4,11,Sat,19.3,19.7,21.26,21.4,24.26
2020,4,12,Sun,19.7,21.4,21.72,20.5,17.72
2020,4,13,Mon,21.4,20.5,21.7,19.7,16.7
2020,4,14,Tue,20.5,19.7,24.46,19.0,27.46
2020,4,15,Wed,19.7,19.0,20.86,16.0,15.86
2020,4,16,Thu,19.0,16.0,22.42,20.1,25.42
2020,4,17,Fri,16.0,20.1,22.8,20.1,26.8
2020,4,18,Sat,20.1,20.1,20.22,20.6,15.22
2020,4,19,Sun,20.1,20.6,17.94,17.6,20.94
2020,4,20,Mon,20.6,17.6,20.28,26.4,21.28
2020,4,21,Tue,17.6,26.4,19.24,15.7,20.24
2020,4,22,Wed,26.4,15.7,20.4,21.4,17.4
2020,4,23,Thu,15.7,21.4,22.72,21.0,17.72
2020,4,24,Fri,21.4,21.0,22.6,20.6,17.6
2020,4,25,Sat,21.0,20.6,21.28,21.1,18.28
2020,4,26,Sun,20.6,21.1,21.32,20.3,18.32
2020,4,27,Mon,21.1,20.3,20.8,26.3,25.8
2020,4,28,Tue,20.3,26.3,20.06,24.8,18.06
2020,4,29,Wed,26.3,24.8,20.6,27.2,20.6
2020,4,30,Thu,24.8,27.2,22.34,27.0,21.34
2020,5,1,Fri,27.2,27.0,22.44,31.4,24.44
2020,5,2,Sat,27.0,31.4,24.7,33.0,27.7
2020,5,3,Sun,31.4,33.0,23.28,27.0,18.28
2020,5,4,Mon,33.0,27.0,21.5,23.8,17.5
2020,5,5,Tue,27.0,23.8,21.26,24.0,23.26
2020,5,6,Wed,23.8,24.0,23.36,25.3,23.36
2020,5,7,Thu,24.0,25.3,22.74,24.8,19.74
2020,5,8,Fri,25.3,24.8,23.78,23.0,25.78
2020,5,9,Sat,24.8,23.0,23.48,23.0,25.48
2020,5,10,Sun,23.0,23.0,24.78,26.3,22.78
2020,5,11,Mon,23.0,26.3,25.5,27.4,21.5
2020,5,12,Tue,26.3,27.4,24.78,22.8,20.78
2020,5,13,Wed,27.4,22.8,25.36,25.0,24.36
2020,5,14,Thu,22.8,25.0,23.86,19.4,20.86
2020,5,15,Fri,25.0,19.4,22.9,20.6,21.9
2020,5,16,Sat,19.4,20.6,23.04,21.6,22.04
2020,5,17,Sun,20.6,21.6,23.82,22.8,20.82
2020,5,18,Mon,21.6,22.8,23.14,25.0,19.14
2020,5,19,Tue,22.8,25.0,24.7,28.2,23.7
2020,5,20,Wed,25.0,28.2,24.06,27.7,22.06
2020,5,21,Thu,28.2,27.7,24.16,29.7,22.16
2020,5,22,Fri,27.7,29.7,27.1,28.9,26.1
2020,5,23,Sat,29.7,28.9,24.72,26.9,25.72
2020,5,24,Sun,28.9,26.9,23.0,23.9,27.0
2020,5,25,Mon,26.9,23.9,24.66,25.2,29.66
2020,5,26,Tue,23.9,25.2,24.76,26.2,29.76
2020,5,27,Wed,25.2,26.2,24.56,26.9,22.56
2020,5,28,Thu,26.2,26.9,26.82,25.7,29.82
2020,5,29,Fri,26.9,25.7,25.98,27.3,22.98
2020,5,30,Sat,25.7,27.3,24.3,25.2,19.3
2020,5,31,Sun,27.3,25.2,25.46,25.2,29.46
2020,6,1,Mon,25.2,25.2,25.6,26.6,30.6
2020,6,2,Tue,25.2,26.6,25.06,25.5,25.06
2020,6,3,Wed,26.6,25.5,25.5,28.6,24.5
2020,6,4,Thu,25.5,28.6,25.66,26.4,27.66
2020,6,5,Fri,28.6,26.4,27.28,30.3,32.28
2020,6,6,Sat,26.4,30.3,26.62,28.7,28.62
2020,6,7,Sun,30.3,28.7,26.96,26.7,25.96
2020,6,8,Mon,28.7,26.7,24.94,21.0,25.94
2020,6,9,Tue,26.7,21.0,25.8,23.9,29.8
2020,6,10,Wed,21.0,23.9,25.78,24.5,27.78
2020,6,11,Thu,23.9,24.5,28.12,30.9,31.12
2020,6,12,Fri,24.5,30.9,27.3,28.6,23.3
2020,6,13,Sat,30.9,28.6,28.36,30.2,25.36
2020,6,14,Sun,28.6,30.2,27.76,26.2,29.76
2020,6,15,Mon,30.2,26.2,29.5,26.2,34.5
2020,6,16,Tue,26.2,26.2,26.5,25.2,28.5
2020,6,17,Wed,26.2,25.2,27.34,24.7,27.34
2020,6,18,Thu,25.2,24.7,26.48,25.1,27.48
2020,6,19,Fri,24.7,25.1,26.78,25.4,30.78
2020,6,20,Sat,25.1,25.4,27.04,26.0,25.04
2020,6,21,Sun,25.4,26.0,28.38,26.8,28.38
2020,6,22,Mon,26.0,26.8,28.84,28.1,29.84
2020,6,23,Tue,26.8,28.1,28.48,27.6,23.48
2020,6,24,Wed,28.1,27.6,28.06,27.9,29.06
2020,6,25,Thu,27.6,27.9,28.44,28.9,23.44
2020,6,26,Fri,27.9,28.9,28.52,29.0,28.52
2020,6,27,Sat,28.9,29.0,29.96,30.2,31.96
2020,6,28,Sun,29.0,30.2,30.44,27.7,30.44
2020,6,29,Mon,30.2,27.7,30.58,28.5,34.58
2020,6,30,Tue,27.7,28.5,28.68,28.7,30.68
2020,7,1,Wed,28.5,28.7,28.12,29.6,30.12
2020,7,2,Thu,28.7,29.6,29.6,29.7,28.6
2020,7,3,Fri,29.6,29.7,28.78,27.7,26.78
2020,7,4,Sat,29.7,27.7,29.4,28.7,31.4
2020,7,5,Sun,27.7,28.7,29.6,29.5,25.6
2020,7,6,Mon,28.7,29.5,30.28,31.3,35.28
2020,7,7,Tue,29.5,31.3,30.74,29.3,31.74
2020,7,8,Wed,31.3,29.3,30.9,28.9,27.9
2020,7,9,Thu,29.3,28.9,31.06,30.7,32.06
2020,7,10,Fri,28.9,30.7,30.34,29.8,33.34
2020,7,11,Sat,30.7,29.8,29.86,29.1,31.86
2020,7,12,Sun,29.8,29.1,30.44,29.0,28.44
2020,7,13,Mon,29.1,29.0,28.94,29.0,25.94
2020,7,14,Tue,29.0,29.0,28.72,27.7,27.72
2020,7,15,Wed,29.0,27.7,29.92,28.3,34.92
2020,7,16,Thu,27.7,28.3,30.82,28.6,31.82
2020,7,17,Fri,28.3,28.6,28.68,28.1,29.68
2020,7,18,Sat,28.6,28.1,29.14,28.4,24.14
2020,7,19,Sun,28.1,28.4,29.5,30.7,30.5
2020,7,20,Mon,28.4,30.7,30.0,29.5,25.0
2020,7,21,Tue,30.7,29.5,29.5,28.9,26.5
2020,7,22,Wed,29.5,28.9,29.84,29.5,29.84
2020,7,23,Thu,28.9,29.5,31.08,32.9,30.08
2020,7,24,Fri,29.5,32.9,30.9,29.5,28.9
2020,7,25,Sat,32.9,29.5,30.28,30.0,28.28
2020,7,26,Sun,29.5,30.0,30.12,30.0,33.12
2020,7,27,Mon,30.0,30.0,32.16,31.3,36.16
2020,7,28,Tue,30.0,31.3,30.34,31.7,32.34
2020,7,29,Wed,31.3,31.7,30.72,30.8,35.72
2020,7,30,Thu,31.7,30.8,30.7,31.4,35.7
2020,7,31,Fri,30.8,31.4,31.02,32.8,26.02
2020,8,1,Sat,31.4,32.8,30.26,31.9,27.26
2020,8,2,Sun,32.8,31.9,30.62,30.9,33.62
2020,8,3,Mon,31.9,30.9,31.46,29.3,28.46
2020,8,4,Tue,30.9,29.3,31.3,29.3,36.3
2020,8,5,Wed,29.3,29.3,31.28,29.6,28.28
2020,8,6,Thu,29.3,29.6,30.96,30.2,33.96
2020,8,7,Fri,29.6,30.2,31.32,30.6,33.32
2020,8,8,Sat,30.2,30.6,32.26,31.5,34.26
2020,8,9,Sun,30.6,31.5,33.38,32.5,29.38
2020,8,10,Mon,31.5,32.5,28.96,30.5,30.96
2020,8,11,Tue,32.5,30.5,29.14,30.3,26.14
2020,8,12,Wed,30.5,30.3,30.18,34.6,31.18
2020,8,13,Thu,30.3,34.6,30.06,32.7,31.06
2020,8,14,Fri,34.6,32.7,29.74,30.7,32.74
2020,8,15,Sat,32.7,30.7,29.74,30.5,24.74
2020,8,16,Sun,30.7,30.5,30.22,32.7,25.22
2020,8,17,Mon,30.5,32.7,30.04,30.8,29.04
2020,8,18,Tue,32.7,30.8,29.78,30.9,30.78
2020,8,19,Wed,30.8,30.9,30.6,32.3,35.6
2020,8,20,Thu,30.9,32.3,31.24,33.2,32.24
2020,8,21,Fri,32.3,33.2,29.7,31.8,34.7
2020,8,22,Sat,33.2,31.8,30.6,32.2,32.6
2020,8,23,Sun,31.8,32.2,30.54,30.8,30.54
2020,8,24,Mon,32.2,30.8,30.22,30.3,33.22
2020,8,25,Tue,30.8,30.3,29.94,31.3,30.94
2020,8,26,Wed,30.3,31.3,29.78,31.2,25.78
2020,8,27,Thu,31.3,31.2,29.66,30.9,34.66
2020,8,28,Fri,31.2,30.9,30.24,31.0,25.24
2020,8,29,Sat,30.9,31.0,28.08,27.4,33.08
2020,8,30,Sun,31.0,27.4,29.06,26.1,31.06
2020,8,31,Mon,27.4,26.1,28.9,26.8,33.9
2020,9,1,Tue,26.1,26.8,29.14,25.9,27.14
2020,9,2,Wed,26.8,25.9,28.66,28.0,31.66
2020,9,3,Thu,25.9,28.0,29.74,29.0,29.74
2020,9,4,Fri,28.0,29.0,31.04,29.0,31.04
2020,9,5,Sat,29.0,29.0,30.02,28.8,35.02
2020,9,6,Sun,29.0,28.8,28.8,29.4,33.8
2020,9,7,Mon,28.8,29.4,27.6,25.5,32.6
2020,9,8,Tue,29.4,25.5,27.84,27.1,29.84
2020,9,9,Wed,25.5,27.1,27.92,27.2,24.92
2020,9,10,Thu,27.1,27.2,28.36,28.7,25.36
2020,9,11,Fri,27.2,28.7,29.24,29.8,25.24
2020,9,12,Sat,28.7,29.8,28.2,29.2,29.2
2020,9,13,Sun,29.8,29.2,28.0,31.0,27.0
2020,9,14,Mon,29.2,31.0,28.76,29.0,33.76
2020,9,15,Tue,31.0,29.0,26.76,31.3,27.76
2020,9,16,Wed,29.0,31.3,26.66,29.5,27.66
2020,9,17,Thu,31.3,29.5,28.22,28.2,32.22
2020,9,18,Fri,29.5,28.2,27.36,25.4,26.36
2020,9,19,Sat,28.2,25.4,27.64,29.9,25.64
2020,9,20,Sun,25.4,29.9,27.86,32.2,24.86
2020,9,21,Mon,29.9,32.2,28.26,28.2,31.26
2020,9,22,Tue,32.2,28.2,29.64,29.0,33.64
2020,9,23,Wed,28.2,29.0,29.16,32.7,30.16
2020,9,24,Thu,29.0,32.7,29.86,29.8,32.86
2020,9,25,Fri,32.7,29.8,27.86,27.1,29.86
2020,9,26,Sat,29.8,27.1,26.66,27.6,25.66
2020,9,27,Sun,27.1,27.6,27.02,25.5,25.02
2020,9,28,Mon,27.6,25.5,26.84,25.5,23.84
2020,9,29,Tue,25.5,25.5,27.1,24.7,29.1
2020,9,30,Wed,25.5,24.7,26.3,24.5,24.3
2020,10,1,Thu,24.7,24.5,29.22,32.6,31.22
2020,10,2,Fri,24.5,32.6,27.12,25.7,32.12
2020,10,3,Sat,32.6,25.7,26.5,24.5,27.5
2020,10,4,Sun,25.7,24.5,26.68,24.1,30.68
2020,10,5,Mon,24.5,24.1,26.84,25.8,22.84
2020,10,6,Tue,24.1,25.8,27.76,28.7,23.76
2020,10,7,Wed,25.8,28.7,26.76,30.2,27.76
2020,10,8,Thu,28.7,30.2,25.94,25.4,24.94
2020,10,9,Fri,30.2,25.4,24.9,24.4,24.9
2020,10,10,Sat,25.4,24.4,24.92,25.7,26.92
2020,10,11,Sun,24.4,25.7,25.52,23.9,30.52
2020,10,12,Mon,25.7,23.9,25.6,24.5,24.6
2020,10,13,Tue,23.9,24.5,26.04,29.3,27.04
2020,10,14,Wed,24.5,29.3,24.78,22.4,24.78
2020,10,15,Thu,29.3,22.4,24.68,23.5,26.68
2020,10,16,Fri,22.4,23.5,24.58,22.0,19.58
2020,10,17,Sat,23.5,22.0,25.66,22.4,24.66
2020,10,18,Sun,22.0,22.4,23.38,22.1,25.38
2020,10,19,Mon,22.4,22.1,24.28,22.3,19.28
2020,10,20,Tue,22.1,22.3,21.96,21.4,17.96
2020,10,21,Wed,22.3,21.4,24.48,28.2,26.48
2020,10,22,Thu,21.4,28.2,20.94,21.3,17.94
2020,10,23,Fri,28.2,21.3,23.32,25.2,21.32
2020,10,24,Sat,21.3,25.2,25.7,25.3,30.7
2020,10,25,Sun,25.2,25.3,24.98,24.6,27.98
2020,10,26,Mon,25.3,24.6,24.3,22.7,21.3
2020,10,27,Tue,24.6,22.7,24.02,23.0,22.02
2020,10,28,Wed,22.7,23.0,22.46,25.0,21.46
2020,10,29,Thu,23.0,25.0,22.82,23.6,19.82
2020,10,30,Fri,25.0,23.6,22.12,23.0,17.12
2020,10,31,Sat,23.6,23.0,22.3,22.2,26.3
2020,11,1,Sun,23.0,22.2,24.5,24.5,27.5
2020,11,2,Mon,22.2,24.5,23.26,23.4,20.26
2020,11,3,Tue,24.5,23.4,23.38,20.4,21.38
2020,11,4,Wed,23.4,20.4,21.62,14.8,25.62
2020,11,5,Thu,20.4,14.8,21.18,18.5,16.18
2020,11,6,Fri,14.8,18.5,20.78,19.8,24.78
2020,11,7,Sat,18.5,19.8,21.26,20.9,20.26
2020,11,8,Sun,19.8,20.9,20.6,22.2,23.6
2020,11,9,Mon,20.9,22.2,20.32,21.4,17.32
2020,11,10,Tue,22.2,21.4,20.32,22.2,25.32
2020,11,11,Wed,21.4,22.2,22.98,21.6,27.98
2020,11,12,Thu,22.2,21.6,21.54,20.0,20.54
2020,11,13,Fri,21.6,20.0,20.26,19.4,18.26
2020,11,14,Sat,20.0,19.4,18.38,19.6,23.38
2020,11,15,Sun,19.4,19.6,19.34,25.0,14.34
2020,11,16,Mon,19.6,25.0,19.08,23.5,17.08
2020,11,17,Tue,25.0,23.5,19.5,22.3,22.5
2020,11,18,Wed,23.5,22.3,20.02,22.0,25.02
2020,11,19,Thu,22.3,22.0,19.64,24.0,22.64
2020,11,20,Fri,22.0,24.0,19.42,20.0,16.42
2020,11,21,Sat,24.0,20.0,19.48,18.7,23.48
2020,11,22,Sun,20.0,18.7,17.54,19.0,22.54
2020,11,23,Mon,18.7,19.0,18.84,18.6,15.84
2020,11,24,Tue,19.0,18.6,20.14,18.2,19.14
2020,11,25,Wed,18.6,18.2,20.34,19.4,21.34
2020,11,26,Thu,18.2,19.4,19.28,18.0,23.28
2020,11,27,Fri,19.4,18.0,18.6,17.4,23.6
2020,11,28,Sat,18.0,17.4,18.04,18.1,15.04
2020,11,29,Sun,17.4,18.1,18.2,20.7,22.2
2020,11,30,Mon,18.1,20.7,19.04,19.8,24.04
2020,12,1,Tue,20.7,19.8,18.64,20.0,23.64
2020,12,2,Wed,19.8,20.0,16.74,16.4,20.74
2020,12,3,Thu,20.0,16.4,17.26,16.6,22.26
2020,12,4,Fri,16.4,16.6,17.36,15.2,18.36
2020,12,5,Sat,16.6,15.2,16.34,14.5,17.34
2020,12,6,Sun,15.2,14.5,17.64,15.5,13.64
2020,12,7,Mon,14.5,15.5,17.98,17.0,15.98
2020,12,8,Tue,15.5,17.0,18.4,17.4,20.4
2020,12,9,Wed,17.0,17.4,19.52,17.4,16.52
2020,12,10,Thu,17.4,17.4,19.22,19.2,20.22
2020,12,11,Fri,17.4,19.2,19.76,23.0,24.76
2020,12,12,Sat,19.2,23.0,18.48,20.5,15.48
2020,12,13,Sun,23.0,20.5,18.44,22.0,14.44
2020,12,14,Mon,20.5,22.0,18.0,17.5,23.0
2020,12,15,Tue,22.0,17.5,19.08,20.4,24.08
2020,12,16,Wed,17.5,20.4,17.26,18.5,18.26
2020,12,17,Thu,20.4,18.5,18.02,19.2,22.02
2020,12,18,Fri,18.5,19.2,17.04,19.2,13.04
2020,12,19,Sat,19.2,19.2,16.44,19.6,13.44
2020,12,20,Sun,19.2,19.6,19.4,20.2,21.4
2020,12,21,Mon,19.6,20.2,19.44,20.4,21.44
2020,12,22,Tue,20.2,20.4,19.92,18.8,23.92
2020,12,23,Wed,20.4,18.8,19.9,22.5,20.9
2020,12,24,Thu,18.8,22.5,19.34,16.8,18.34
2020,12,25,Fri,22.5,16.8,17.32,14.8,12.32
2020,12,26,Sat,16.8,14.8,18.26,15.5,16.26
2020,12,27,Sun,14.8,15.5,17.68,16.6,12.68
2020,12,28,Mon,15.5,16.6,17.06,16.8,13.06
2020,12,29,Tue,16.6,16.8,17.54,14.4,17.54
2020,12,30,Wed,16.8,14.4,17.98,16.4,21.98
2020,12,31,Thu,14.4,16.4,17.78,15.6,18.78
